:020000040800F2
:10000000489101203103000815F10008CDE90008EE
:1000100011F10008F98E0008AD2F01080000000062
:100020000000000000000000000000007102000855
:10003000859F000800000000CD02000895F500082B
:100040004B0300084B0300084B0300084B03000858
:100050004B0300084B0300084B0300084B03000848
:100060004B0300084B0300084B0300084B03000838
:10007000559500084B0300084B0300084B0300088C
:100080004B0300084B0300084B0300084B03000818
:10009000D98F0008E98F00084B0300084B030008C4
:1000A0004B0300084B0300084B0300084B030008F8
:1000B0004B0300084B0300084B0300084B030008E8
:1000C0004B0300084B0300084B03000855F50008DC
:1000D0004B0300084B0300084B0300084B030008C8
:1000E0004B0300084B0300084B0300084B030008B8
:1000F0004B03000891F600084B0300084B0300086F
:100100004B0300084B0300084B0300084B03000897
:100110004B0300084B0300084B0300084B03000887
:10012000659500084B030008759500088595000843
:100130004B0300084B0300084B0300084B03000867
:10014000F98F0008099000084B03000819F1000816
:100150004B0300084B0300084B030008850001080F
:100160004B0300084B0300084B0300084B03000837
:100170004B0300084B0300084B030008000000007D
:100180004B0300084B03000800F002F800F060F891
:100190000AA090E8000C82448344AAF10107DA45E2
:1001A00001D100F055F8AFF2090EBAE80F0013F0D4
:1001B000010F18BFFB1A43F001031847B05E01009E
:1001C000F05E01000A444FF0000C10F8013B13F000
:1001D000070408BF10F8014B1D1108BF10F8015BA0
:1001E000641E05D010F8016B641E01F8016BF9D193
:1001F00013F0080F1EBF10F8014BAD1C0C1B09D1EA
:100200006D1E58BF01F801CBFAD505E014F8016B5B
:1002100001F8016B6D1EF9D59142D6D370470000ED
:100220000023002400250026103A28BF78C1FBD8FF
:10023000520728BF30C148BF0B6070471FB515F08B
:1002400084FE9DE8030000F047FA1FBD10B510BD05
:1002500000F0AEFA1146FFF7F1FF14F010F800F0CD
:10026000CCFA03B4FFF7F2FF03BC00F0FDFA000084
:100270002C4B19680868B0E8F04F80F30988BFF389
:100280006F8F4FF0000080F311887047000000006E
:1002900008480068006880F308884FF0000080F389
:1002A000148862B661B6BFF34F8FBFF36F8F00DF64
:1002B00000BF00BF08ED00E0DFF80C00016841F46A
:1002C00070010160704700BF88ED00E0EFF3098026
:1002D000BFF36F8F134B1A681EF0100F08BF20ED8D
:1002E000108A20E9F04F106009B44FF0500080F3FD
:1002F0001188BFF34F8FBFF36F8F15F047F84FF0A2
:10030000000080F3118809BC19680868B0E8F04F54
:100310001EF0100F08BFB0EC108A80F30988BFF3FD
:100320006F8F70473CC20120EFF3058070470000DB
:100330000948804709480047FEE7FEE7FEE7FEE779
:10034000FEE7FEE7FEE7FEE7FEE7FEE704480549B5
:10035000054A064B704700007DF600088901000839
:1003600048910020489101204811012048110120A6
:1003700070B5064600F094F9056806F10B0020F010
:100380000704B4429CBF002070BD2B466A68BAB116
:100390001068A04210D304F1080188423CBF5068A5
:1003A000586007D35168101941601168091B01603A
:1003B00058601460101D70BD13465268002AE7D1C2
:1003C0002146284600F074F90028DED170BD70B5D2
:1003D0000446051F00F064F90068002C14BF44684F
:1003E00070BD002C18BFAC423CBF20466468F8D3F7
:1003F00001680A18AA4218BF456003D12A68054659
:100400001144016028684119A1421CBF6C6070BD95
:100410006168696021680844286070BD53EA020C75
:1004200000F069802DE9F04B4FF00006002B1FBF54
:10043000B3FA83F503FA05F424FA05F65E4012BF19
:100440001643B2FA82F502FA05F4C5F120051EBF83
:1004500022FA05FC44EA0C04203556EA044C4FEA23
:10046000144418BF641C4FF000084FF0000990427C
:1004700071EB030C39D3002919BFB1FA81F701FAE6
:1004800007F6B0FA80F700FA07F6C7F120071EBF9B
:1004900020FA07FC46EA0C062037B6FBF4FCA7EB73
:1004A0000507103F07F01F0BCBF120060CFA0BFBE2
:1004B0002CFA06F644BFB3460026202FA4BF5E46A2
:1004C0004FF0000B5BEA060C08BF4FF0010B19EB75
:1004D0000B09ABFB027C48EB0608C01B06FB02CCF9
:1004E0000BFB03CC71EB0C01C1E70B460246414606
:1004F0004846BDE8F08B13B54FF000004FF0000107
:10050000AFF30080BDE81C407047032A40F2308002
:1005100010F0030C00F0158011F8013BBCF1020F44
:10052000624498BF11F801CB00F8013B38BF11F8C5
:10053000013BA2F1040298BF00F801CB38BF00F8DC
:10054000013B11F0030300F02580083AC0F0088059
:1005500051F8043B083A51F804CBA0E80810F5E73D
:10056000121D5CBF51F8043B40F8043BAFF3008020
:10057000D20724BF11F8013B11F801CB48BF11F895
:10058000012B24BF00F8013B00F801CB48BF00F865
:10059000012B704710B5203AC0F00B80B1E818501D
:1005A000203AA0E81850B1E81850A0E81850BFF45D
:1005B000F5AF5FEA027C24BFB1E81850A0E81850FC
:1005C00044BF18C918C0BDE810405FEA827C24BF50
:1005D00051F8043B40F8043B08BF7047D20728BFDE
:1005E00031F8023B48BF11F8012B28BF20F8023B2D
:1005F00048BF00F8012B704702F0FF0343EA0322D3
:1006000042EA024200F002B84FF000020429C0F0B2
:10061000128010F0030C00F01B80CCF1040CBCF134
:10062000020F18BF00F8012BA8BF20F8022BA1EB86
:100630000C0100F00DB85FEAC17C24BF00F8012B6B
:1006400000F8012B48BF00F8012B70474FF0000263
:1006500000B5134694469646203922BFA0E80C50B8
:10066000A0E80C50B1F12001BFF4F7AF090728BF93
:10067000A0E80C5048BF0CC05DF804EB890028BF0F
:1006800040F8042B08BF704748BF20F8022B11F038
:10069000804F18BF00F8012B7047704770477047B4
:1006A00000487047F09000207047704770477047CF
:1006B00038B504460A4600206946AFF3008000289A
:1006C00008BF38BD02460099204600F04FF80120CF
:1006D00038BD012000F064B8F8B5AFF300800546DE
:1006E00000200C46102000BF0646A819A0420DD9D4
:1006F000324669460020AFF30080070008BF00F0D3
:100700004FF80098A04218BF0546C419FFF7C8FF6C
:1007100005600746F01D20F007004619284600F046
:100720000AF8B44208BFF8BDA21B31463868BDE8DC
:10073000F84000F01BB800210160C0E901107047CB
:100740001020704710B500F00DF8006810BD10B50E
:10075000044600F007F8046010BD00000048704730
:10076000E890002000487047E89000200346406869
:100770008C46002818BF88423CBF03464068F8D327
:1007800018681844884207D00CF1030020F00700D5
:10079000001D411A521A0146081D0A60FFF717BED4
:1007A00010B500F039F8BDE8104000F02FB87047E0
:1007B0007546FFF7D3FFAE4605006946534620F065
:1007C0000700854618B020B5FFF7C0FDBDE8204002
:1007D0004FF000064FF000074FF000084FF0000BFD
:1007E00021F00701AC46ACE8C009ACE8C009ACE8B0
:1007F000C009ACE8C0098D46704710B50446AFF398
:1008000000802046BDE81040FFF72BBD002801D036
:1008100000F02AB87047000010B5012805D000216B
:1008200003A000F027F8012010BD09A1F8E700009F
:1008300053494752544D454D3A204F7574206F66C9
:100840002068656170206D656D6F72790000000031
:100850003A2048656170206D656D6F727920636F15
:10086000727275707465640001491820ABBEFEE7B2
:100870002600020070B505460C460A2000E06D1CFB
:1008800000F011F835B128780028F8D102E0641C96
:1008900000F009F814B120780028F8D1BDE87040C4
:1008A0000A20AFF3008008B569468DF800000320E8
:1008B000ABBE08BD094948700E21084A11700021DD
:1008C00082F85610064A517591751175118202F120
:1008D00080010022CA660A674A677047880E0020B6
:1008E000FC0E0020F0EE400AF5EEC00AF1EE10FA20
:1008F00002D2B1EE600A7047B0EE600AFBE700007A
:1009000070B5064600251EE005EB8500104951F83C
:100910003040A4B13146204609F018F978B194ED81
:10092000010A10EE101A084612F04EFC38B194ED90
:10093000020A10EE101A084612F046FC08B9002010
:1009400070BD681CC5B2032DDED30120F8E700009E
:100950008CCC0120002110E001EB8100094A52F803
:10096000300030B101EB810052F8300090F84500C2
:1009700008B900207047481CC1B20329ECD30120FC
:10098000F8E700008CCC0120002110E001EB810091
:10099000094A52F8300030B101EB810052F83000C2
:1009A00090F8440008B900207047481CC1B20329E0
:1009B000ECD30120F8E700008CCC012010B5002416
:1009C0000BE004EB8401074A52F8310009F025F8E6
:1009D00008B1012010BD601CC4B2032CF1D300206B
:1009E000F8E700008CCC012070B50646002410E02A
:1009F00004EB8400094951F8305045B1287E30B1EC
:100A00003146284609F0A2F808B9012070BD601CE3
:100A1000C4B2032CECD30020F8E700008CCC0120FA
:100A200000210FE001EB8100084B53F830203AB170
:100A300092F84A0010B9506D052801D30120704783
:100A4000481CC1B20329EDD30020F8E78CCC01206B
:100A500010B50446204602F08FFE08B9002010BDF4
:100A600094ED000ADFED1B0AB4EEE00AF1EE10FA95
:100A70002EDB94ED000ADFED180AB4EEE00AF1EE89
:100A800010FA25D894ED010ADFED140AB4EEE00A5D
:100A9000F1EE10FA1CDB94ED010ADFED110AB4EE61
:100AA000E00AF1EE10FA13D894ED020ADFED0D0A18
:100AB000B4EEE00AF1EE10FA0ADB94ED020ADFED83
:100AC0000A0AB4EEE00AF1EE10FA01D80120C6E7F6
:100AD0000020C4E70000B4C20000B44200000C4291
:100AE0000000344300003EC300000CC2014602294E
:100AF00001DC012070470020FCE7000070B50546CE
:100B00000F480078012800D100E0002004461CB9FD
:100B10000B480078022801D1012000E000200446A3
:100B200054B1074840780C2806D10548807818B998
:100B3000284602F021FE08B9002070BD0120FCE724
:100B4000C4C70120012070477047000010B5044859
:100B5000807800B110BD05F0A1FD00BFFAE70000EC
:100B6000C4C7012070B52DED048B86B00546644ADC
:100B700007CA03AB07C39FED630AB0EE408A15B105
:100B8000B5F5C07F05D99FED5F0A06B0BDEC048BBB
:100B900070BD9FED5C0A5C4880EDC60A01247EE0D2
:100BA0009FED580AF0EE408A04EB4401574800EBF1
:100BB0008100D0ED000A601E00EB4001534800EBBD
:100BC000810090ED001A70EEC10AB0EE600A01F0EB
:100BD00039FDB0EE409A13F048FB8DED000A04EBAE
:100BE00044014A4800EB8100D0ED010A601E00EB91
:100BF0004001464800EB810090ED011A70EEC10AF9
:100C0000B0EE600A13F031FB8DED010A04EB4401F4
:100C10003E4800EB8100D0ED020A601E00EB40016F
:100C20003A4800EB810090ED021A70EEC10AB0EE76
:100C3000600A13F01AFB8DED020A002617E06846E1
:100C400000EB860090ED000A03A800EB8600D0EDD3
:100C5000000A80EE201AB0EE419AF0EE490AB0EE9A
:100C6000680A12F0C1FDF0EE408A701CC6B2032E75
:100C7000E5D39FED270AF4EEC08AF1EE10FA03D215
:100C80009FED230AF0EE408A38EE280AB0EE408A43
:100C9000204800EB840080ED008A601C84B2AC42E6
:100CA000FFF67EAF012D06D09FED190AB4EEC08A83
:100CB000F1EE10FA07D29FED130A134880EDC60A31
:100CC0009FED100A61E701200DE0124901EB800160
:100CD00091ED000AC0EE080A0E4901EB8001C1ED5A
:100CE000000A411C88B2A842EFDBB7EE000A681E7A
:100CF000084901EB800080ED000AB0EE480A44E7A5
:100D00000060010800000000FC1E002014100020FC
:100D1000BD37863514220020F0EE401AF4EEE01ABA
:100D2000F1EE10FA02D2B0EE600A7047F4EEC11A8A
:100D3000F1EE10FA02DDB0EE410AF6E7B0EE610A1C
:100D4000F3E7000070B52DED0A8B8CB0B0EE408A51
:100D5000F0EE609AB0EE41AA06469FEDD70AF0EE9B
:100D6000408A002009900A900B903046FFF7FAFE67
:100D7000F0EE40AAD14AD2E900109268CDE907020C
:100D80000691CE4A0C3207CA03AB07C39FEDCC0ACB
:100D9000B4EEC08AF1EE10FA1EDDB7EE0E0A28EEB0
:100DA000000AC0EE290AB0EE609A9FEDC60A28EE4E
:100DB000000AC0EE0A0AF0EE60BAB0EE6B0A12F05A
:100DC00023FEB0EE40BAF0EE4B0AB0EE490A12F044
:100DD0000BFDF0EE408A00BFB7EE0E0A2AEE800A45
:100DE000F0EE400AB0EE680A12F0FEFCF0EE408A27
:100DF000012456E004EB4401B34800EB8100D0ED40
:100E0000000A601E00EB4001AF4800EB810090ED4E
:100E1000001A70EEC10AB0EE600A01F013FCB0EEE9
:100E2000409A13F022FADDED090A30EE200A8DED2A
:100E3000090A04EB4401A44800EB8100D0ED010A4B
:100E4000601E00EB4001A04800EB810090ED011A0C
:100E500070EEC10AB0EE600A13F007FADDED0A0A7F
:100E600030EE200A8DED0A0A04EB4401964800EBAF
:100E70008100D0ED020A601E00EB4001924800EBB9
:100E8000810090ED021A70EEC10AB0EE600A13F014
:100E9000ECF9DDED0B0A30EE200A8DED0B0A601C3B
:100EA00084B2B442A6DB00243BE009A800EB840036
:100EB00090ED000AF7EE0E0A20EE200A06A800EBDD
:100EC0008400D0ED000A80EE201AB0EE41BA09A8E5
:100ED00000EB840090ED000ADFED7A0A20EE200A94
:100EE00003A800EB8400D0ED000A80EE201AF0EE9B
:100EF00041BAB0EE6B0A12F087FDB0EE409AF0EE08
:100F0000490AB0EE4B0A12F06FFCF0EE40BAF0EE78
:100F10006B0AB0EE680A12F067FCF0EE408A601CC3
:100F2000C4B2032CC1D30124AAE0684800EB8400BA
:100F300090ED000A601E654901EB8000D0ED000ACB
:100F400030EE600AB0EE409A9FED610AB4EEC09AAE
:100F5000F1EE10FA00D291E004EB44015A4800EBA4
:100F60008100D0ED000A601E00EB4001564800EB06
:100F7000810090ED001A70EEC10AB0EE600A01F037
:100F800061FBB0EE40BA13F070F98DED000A04EB8E
:100F900044014D4800EB8100D0ED010A601E00EBDA
:100FA0004001494800EB810090ED011A70EEC10A42
:100FB000B0EE600A13F059F98DED010A04EB44011B
:100FC000414800EB8100D0ED020A601E00EB4001B9
:100FD0003D4800EB810090ED021A70EEC10AB0EEC0
:100FE000600A13F042F98DED020A002543E06846DD
:100FF00000EB850090ED000AF7EE0E0A20EE200AC5
:1010000006A800EB8500D0ED000A60EE890A80EEAC
:10101000201AB0EE41BA684600EB850090ED000A58
:10102000DFED280A20EE200AF7EE000A20EE200A63
:1010300003A800EB8500D0ED000A60EE890A80EE7F
:10104000201AB0EE41CAB0EE4C0A12F0DDFCF0EE10
:1010500040BAF0EE6B0AB0EE4B0A12F0C5FBB0EEF0
:1010600040CAF0EE4C0AB0EE680A12F0BDFBF0EE9A
:10107000408A681CC5B2032DB9D300BF601C84B27E
:10108000B442FFF652AF9FED130AF4EEC08AF1EEC0
:1010900010FA03D29FED0F0AF0EE408ADFED0E0A40
:1010A0009FED0E0A08EEA00ABCEEC00A10EE100A70
:1010B0000CB0BDEC0A8B70BD000000000C60010894
:1010C0000AD7233C83C0B84014100020142200200B
:1010D000BD3786356F12833A00007A4477BE7F3F72
:1010E00010B52DED028B002462E0334800EB840044
:1010F00090ED000AB0EE408A304800EB840090ED9D
:10110000000A10EE101A084612F070F880B12A4852
:10111000383800EB840090ED000A10EE101A0846F3
:1011200012F064F820B118EE100A12F05FF818B946
:101130000020BDEC028B10BD8CB9204800EB840070
:10114000D0ED000A1C48383800EB840090ED001AFE
:1011500070EEC10AB0EE600A01F074FA0CE01748B4
:1011600000EB840090ED000A1348383800EB84004F
:10117000D0ED000A30EE600AF0EE408AB0EE680A68
:1011800013F073F8F0EE000AB4EEE00AF1EE10FA94
:101190000ADCB0EE480A13F068F8F1EE040AB4EE87
:1011A000E00AF1EE10FA01DD0020C2E7601CC4B2D3
:1011B000032C9AD30120BCE718C80120A40E0020FC
:1011C0002DE9F0412DED068BF0EE409A064667487A
:1011D000008A01280AD86648D0E90621006AC6E9D3
:1011E0000021B060BDEC068BBDE8F081B7EE001ABF
:1011F000DFED600AB0EE690AFFF78EFDB0EE408ABF
:10120000B7EE000AB4EEC08AF1EE10FA07DB5748D9
:10121000008A401E84B22546DFED568A3FE000205A
:10122000524A128A521E91B211E00B1A00EB53037C
:101230009AB2514B03EB820393ED000AB4EEC80A55
:10124000F1EE10FA01D8104600E0114600BF421C32
:1012500092B28A42E9DB04460D46474A02EB850218
:1012600092ED000A444A02EB8402D2ED000A30EE0D
:10127000609A9FED420AB4EEC09AF1EE10FA09DDD1
:101280003D4A02EB840292ED000A78EE400A80EEBD
:10129000890A01E09FED370AF0EE408A00BF05EBB6
:1012A00045013348183000EB8100D0ED000A04EB13
:1012B00044012F48183000EB810090ED001A70EEC9
:1012C000C10AB0EE600A01F0BDF904EB4401284800
:1012D000183000EB8100D0ED000A48EE800AB0EE35
:1012E00060AAB0EE4A0A01F0ADF986ED000A05EBFE
:1012F00045011F48183000EB810090ED010A04EB16
:1013000044011B48183000EB8100D0ED010A70EE5B
:10131000600A04EB44011648183000EB810090EDA0
:10132000010A08EEA00A86ED010A05EB4501104806
:10133000183000EB810090ED020A04EB44010C48E8
:10134000183000EB8100D0ED020A70EE600A04EB69
:1013500044010748183000EB810090ED020A08EEC6
:10136000A00A86ED020A00BF3CE70000FC0E002048
:10137000FC0F00200000000014220020BD3786353D
:1013800070B52DED028B05460C462B48D0F8B00009
:1013900078B12948D0F8AC00281A00EE100AF8EE0F
:1013A000400A254890ED2C0AB8EE401A80EE810ADA
:1013B00001E0B7EE000AB0EE408AB7EE001ADFEDAA
:1013C0001F0AB0EE480AFFF7A7FCB0EE408A1A48A1
:1013D000D0ED350A90ED321A70EEC10AB0EE600A17
:1013E00001F030F91448D0ED320A48EE000AF0EE70
:1013F000608AB0EE680A01F025F984ED000A0E4813
:1014000090ED360AD0ED330A70EE600A90ED330AA3
:1014100008EE200A84ED010A90ED370AD0ED340A77
:1014200070EE600A90ED340A08EE200A84ED020A9C
:10143000BDEC028B70BD0000FC0E0020000000001F
:1014400070B52DED028B04460D46D5ED000A94EDE6
:10145000001A70EEC10AB0EE600A01F0F3F8B0EEC7
:10146000408A12F002FFF1EE040AB4EEE00AF1EE57
:1014700010FA25D8D5ED010A94ED011A70EEC10AD3
:10148000B0EE600A12F0F1FEF0EE000AB4EEE00AEF
:10149000F1EE10FA14D8D5ED020A94ED021A70EEAE
:1014A000C10AB0EE600A12F0E0FEF0EE000AB4EEFF
:1014B000E00AF1EE10FA03D80120BDEC028B70BDFA
:1014C0000020FAE710B52DED028B0446B0EE408AFD
:1014D000204601F09FF8F0EE408AF4EEC88AF1EE63
:1014E00010FA1DDD9FED100AF4EEC08AF1EE10FA3D
:1014F00016DDC8EE280AB0EE600AD4ED000A60EEF0
:10150000800AC4ED000AD4ED010A60EE800AC4ED41
:10151000010AD4ED020A60EE800AC4ED020A00BF9F
:10152000BDEC028B10BD0000BD3786351648007833
:10153000012800D100E00020014619B912480078C6
:10154000022801D1012000E0002001460E48C078A9
:10155000C0B10D480079A8B10B48407990B10A4854
:1015600040780C280ED169B10748807850B90648F8
:10157000C07938B10448007A20B10348407A08B1F4
:10158000012070470020FCE7C4C701201249D1EDBB
:10159000090A91ED061A30EEC11AD1ED060A40EEA5
:1015A000010AC0ED000AD1ED0A0A91ED071A30EEEA
:1015B000C11AD1ED070A40EE010AC0ED010AD1EDD2
:1015C0000B0A91ED081A30EEC11AD1ED080A40EE6F
:1015D000010AC0ED020A7047FC0E002070B52DED27
:1015E000048B04460D4695ED000AD4ED000A30EE5A
:1015F000600AB0EE409A95ED010AD4ED010A30EE92
:10160000600AB0EE408A95ED020AD4ED020A30EE8F
:10161000600AF0EE408A69EE090A48EE080A48EED0
:10162000A80AB0EE600A12F0EFF9BDEC048B70BDB1
:1016300010B52DED048BF0EE408AB7EE001ADFED09
:101640000F0AB0EE680AFFF767FBB0EE408A28EE9B
:10165000080AB0EE409A29EE080AF0EE409ABAEE77
:101660000E0AF1EE080A00EE880AF2EE040A48EECD
:10167000000A20EEA90ABDEC048B10BD000000009A
:1016800010B52DED028BF0EE408AB7EE001ADFEDBB
:101690000E0AB0EE680AFFF73FFBB0EE408A9FEDFE
:1016A0000B0A28EE000AF7EE000A70EEC80A60EE98
:1016B000200AB7EE000AB0EE001A01EE480A20EE4A
:1016C000800ABDEC028B10BD0000000000007042DB
:1016D00010B52DED048BB0EE409AB7EE001ADFED99
:1016E0000D0AB0EE490AFFF717FBB0EE408AB7EEDD
:1016F000000A30EE480AF0EE408AB3EE0E0A28EEF9
:10170000000A20EE080A20EE280A20EE280ABDEC86
:10171000048B10BD00000000064981F85400002130
:10172000044A82F8551082F856101146C96D491CBA
:10173000D1657047880E00200C4800210163416389
:101740008163C163016441646030018081706038ED
:1017500041668166C166064801828174A0F5807089
:10176000A0F8131180F815117047000094CA0120E9
:10177000FC0F002070B52DED048B84B005465C484D
:1017800040682C1A5A48C068A04201D85848C4681A
:101790005748C06858B1564890ED030AF8EE400A21
:1017A00000EE104AB8EE401A81EE200A01E0B7EED2
:1017B000000AF0EE408AB0EE680AFFF739FFB0EE9B
:1017C000408A4B48C07D02281FD14948007D28B17E
:1017D0004748D0F8A800281A022811D3B0EE480ACA
:1017E000284600F067FB58B94148007D40B94048A1
:1017F0004068401C3E49486004B0BDEC048B70BD9D
:1018000001A92846FFF7BCFD04E001A8B0EE480A94
:10181000FFF7D6FC01A805F09FFEA0B93448C07CB4
:1018200038B93448C06D401C3249C8650120304980
:10183000C87400202F4981F856002D484068401C8C
:101840002B494860D8E72A4890F88D00012806D136
:1018500001A800F009FBB0EE409A04F0F5FC00206E
:101860002349C8740120234981F85600084684663C
:1018700080ED188A01A90EC910300EC01C48C0683E
:10188000A04233D81A48008A401E86B206EB4602B0
:10189000194901EB820005F05FFE154890F88D00B4
:1018A00001280AD106EB4602134901EB820000F041
:1018B000DBFAB0EE409A04F0C7FC06EB46010E4896
:1018C00000EB81020B48D2E900139268C0E90532AF
:1018D0000161B7EE000A80ED180A00200449C1F842
:1018E000B8002946052000F06BFA00BF00BF83E76F
:1018F000FC0E0020880E00201410002070B52DED85
:10190000048B9EB004460D4600EE105AB8EE400A15
:10191000DFEDFA0A20EE200AB0EE408AF8480146D0
:10192000D1E91B32496FC0E91E32C0F880108038FF
:10193000D0F8B400201A64280CD90120F04980396D
:101940008875EF480021C166016741671EB0BDEC94
:10195000048B70BD0020EA4980398875B5EEC08AD5
:10196000F1EE10FA00D8F1E7E548803890ED1A0A58
:10197000D0ED0C0A30EE600A8DED0D0A90ED1B0AD9
:10198000D0ED0D0A30EE600A8DED0E0A90ED1C0AC6
:10199000D0ED0E0A30EE600A8DED0F0A0DA800F0B2
:1019A00039FEF0EE408AD6488038D0ED1E0AB0EEFF
:1019B000001A60EE810A60EEA80AB0EE600A12F02A
:1019C00023F8B0EE409ACE488038D0ED1D0AB0EE34
:1019D000600AF0EE490A11F02BFFF0EE409A0DA8D4
:1019E00007C80AAB07C3B0EE690A0AA800F0F8F905
:1019F0009DED0A0AC2488038D0ED3B0A30EE600AFD
:101A0000C0EE080ACDED070A9DED0B0AD0ED3C0AA9
:101A100030EE600AC0EE080ACDED080A9DED0C0A12
:101A2000D0ED3D0A30EE600AC0EE080ACDED090A9D
:101A3000D0ED1E0AB0EE600A07A8FFF743FD0020B4
:101A400014E0AF496C3101EB800191ED000A07A968
:101A500001EB8001D1ED000A00EE880AA8496C3143
:101A600001EB800181ED000A411CC8B20328E8D3D4
:101A7000A3488038D0ED1D0AB0EE600AEC30FFF7C5
:101A800021FD9F48803890ED3B0A20EE080A8DED3D
:101A9000040A90ED3C0A20EE080A8DED050A90ED4F
:101AA0003D0A20EE080A8DED060A9FED960AF4EE37
:101AB000C08AF1EE10FA18D99DED040ADDED0D0A89
:101AC00020EE200ADDED050A9DED0E1A00EE810ADA
:101AD000DDED060A9DED0F1A00EE810A68EEA80AF8
:101AE000B4EEE00AF1EE10FA0EDB854980390846C3
:101AF000D0E91A23006FC1E90C23886380480021D4
:101B0000C1660167416719E07D48803890ED0C0A95
:101B1000DDED040A30EE200A80ED0C0A90ED0D0A8E
:101B2000DDED050A30EE200A80ED0D0A90ED0E0A7B
:101B3000DDED060A30EE200A80ED0E0A704A803A8A
:101B4000303207CA13AB07C36D48803890F88C0059
:101B5000012817D110A913A804F08CF8B0B968486F
:101B60000021C166016741670020674981F856007E
:101B7000012081F8570081F858000846C06D401CCC
:101B8000C865E3E613A807C810AB07C35C488038F4
:101B9000D0F8A800201A02286CD30026202116A80D
:101BA000FEF754FD16AA5649543110A801F034FB33
:101BB00008B1012629E09DED1D0AF6EE000AB4EEFB
:101BC000E00AF1EE10FA01DD02261EE017A801F08E
:101BD000D3FD08B9032618E017A8FEF739FF08B9A6
:101BE000042612E04648803890F88C00012805D180
:101BF00017A800F087FA08B9042606E017A940489C
:101C00005430FFF71DFC00B9052696BB3C48014641
:101C1000D1E91523C96DC0E91223016517A90EC9C1
:101C200054300EC0E03813A90EC93C300EC04838FD
:101C300090F88C00012805D13148803813A90EC9CD
:101C400054300EC02E488038C0F8AC4002202C49D9
:101C50008039C1F8B0000846C0F8A84000202A49E1
:101C600081F85400012081F85600002081F85700C7
:101C70001CE000E01BE022480021C16601674167CB
:101C8000803803463C330ECB30300EC09DF85800F0
:101C90001D4981F85400002081F85600084680F85C
:101CA000576080F85860C06D401CC86500BF01A92E
:101CB0002046FFF765FB01A805F04EFC88B11248ED
:101CC00001A90EC910300EC00D48803890F88C0064
:101CD000012806D101A800F0C7F8B0EE409A04F040
:101CE000B3FA074880384068201A074988669FED94
:101CF000070A084680ED180A00BF27E66F12833AEC
:101D00007C0F0020CDCC4C3D880E00200000000050
:101D100070B504462748008A50B907202649487004
:101D2000002081F8560021460D2000F049F870BDD2
:101D30002048008A401E85B205EB45021F4901EB91
:101D4000820005F009FC20B900201A49C1F8B8004A
:101D50001EE0FFF7C5F9B8B11648D0F8B80010B9C1
:101D60001448C0F8B8401348D0F8B800201A7828B2
:101D70000ED3002010494870012081F856002146FA
:101D8000062000F01DF8D2E700200A49C1F8B8008B
:101D900008480068201AB0F5FA5F09D30720064901
:101DA0004870002081F8560021460D2000F008F808
:101DB00000BFBCE7FC0E0020880E0020141000209D
:101DC000054A1070054A1160052803D00022034B14
:101DD000C3F8B82070470000880E0020FC0E0020D9
:101DE00010B52DED028B0446B0EE408A204600F07F
:101DF00011FCF0EE408A9FED1A0AF4EEC08AF1EE73
:101E000010FA04D9B5EEC08AF1EE10FA0ED89FEDA3
:101E1000150A84ED000A9FED130A84ED010A9FED77
:101E2000110A84ED020ABDEC028B10BD88EE280A6F
:101E3000D4ED000A20EE200A84ED000A88EE280A7C
:101E4000D4ED010A20EE200A84ED010A88EE280A6A
:101E5000D4ED020A20EE200A84ED020A00BFE2E778
:101E6000BD3786350000000010B504467CB194ED06
:101E7000010A10EE101A084611F0B8F938B194EDC5
:101E8000020A10EE101A084611F0B0F910B99FEDD1
:101E9000070A10BD94ED010AD4ED020A9FED041A61
:101EA00071EE600A30EE200AF3E700000000C07F08
:101EB000000034C310B52DED028B8EB00446B0EE99
:101EC000408A0BA8B0EE480AFFF760FB454890F83F
:101ED0008D0001280CD10BA90BA803F0CBFE38B95B
:101EE0000420FFF719FC00200EB0BDEC028B10BDE2
:101EF0003C48007D88B13B488030D0E91512C06D68
:101F0000CDE900120290374880300146D1E915230F
:101F1000C96DC0E9122301650AE0334A103207CACD
:101F20008DE807002F4880309DE80E0048300EC035
:101F3000202103A8FEF78AFB03AA69460BA801F03B
:101F40006BF9F0B99DED0A0AF6EE000AB4EEE00A6C
:101F5000F1EE10FA15DC04A801F00EFC88B104A81B
:101F6000FEF776FD68B11F4890F88D00012803D177
:101F700004A800F0C7F820B104A96846FFF760FA8A
:101F800098B99DF80C00184981F85400002081F898
:101F900056001448C07C30B90846C06D401CC86566
:101FA00001201049C87400209EE70E48803004A923
:101FB0000EC954300EC0E038C0F8AC4002200949C8
:101FC000C1F8B0000846C0F8A840012008750020FC
:101FD000C874054981F85400012081F8560000BFFB
:101FE00082E70000FC0E0020880E00202DE9F0475B
:101FF0002DED028B04460E46B0EE408AF0EE608A6C
:10200000174698460A9D3B48008A401E1FFA80F9F1
:10201000384894E80E0024300EC0303890F88D0017
:1020200001280AD13348803094E80E0010300EC0E9
:102030000146204603F01EFE0AE02E48803094E858
:102040000E001C300EC0283894E80E0010300EC070
:102050002848C660456080ED2F8AC0ED308AC7757C
:1020600000202449C87408750846C0F8A850C0F874
:10207000AC500220C1F8B000002048758875214698
:102080001C481830FFF7AAFA1A4880ED310A1A4A9C
:1020900000F58070D0E90631006AC2E90431906130
:1020A00009EB4901154800EB810310460ECB1C30AB
:1020B0000EC0283894E80E0048300EC000200E49AB
:1020C00081F85400012081F8550081F856009FEDF9
:1020D0000C0A084680ED180A002088664870FFF751
:1020E0002BFB29464046FFF76BFEBDEC028BBDE89B
:1020F000F0870000FC0E0020880E00201410002045
:102100000000000010B52DED028B04462046FFF7BD
:10211000ABFEB0EE408AB0EE480A03F065FFF0EE89
:10212000408AB0EE680A03F08FFFBDEC028B10BD51
:1021300070B52DED048B84B005460E46FB4890ED3E
:10214000030AB8EE400ADFEDFA0A20EE200AB0EEEC
:10215000408AB5EEC08AF1EE10FA0CDDF54890ED3C
:102160001A0AF8EE400AF14890ED030AB8EE401A58
:1021700080EE810A01E0B7EE000AF0EE409AEE48E8
:10218000EE4BD3E907215B6AC0E901130260024606
:10219000E84B10330BCB0C320BC2E748E54B1C333A
:1021A0000ECB18300EC0E449E44BD3E91520DB6DAB
:1021B000C1E913038A640846E04B60330ECB543008
:1021C0000EC00024CFE094B9DA48103000EB840050
:1021D000D0ED000AD9481C3000EB840090ED001AC5
:1021E00070EEC10AB0EE600A00F02CFA0DE0D148A2
:1021F000103000EB840090ED000AD0481C3000EB5A
:102200008400D0ED000A30EE600AB0EE409A94B936
:10221000C8481C3000EB8400D0ED000AC7481C30D1
:1022200000EB840090ED001A70EEC10AB0EE600A77
:1022300000F008FA0DE0BF481C3000EB840090ED80
:10224000000ABE481C3000EB8400D0ED000A30EEDE
:10225000600AF0EE408AB848243000EB840080ED3C
:10226000009AB0EE490A12F000F8B348303000EBA3
:102270008400D0ED000AB4EEE00AF1EE10FA09DDB8
:10228000B0EE490A11F0F1FFAB48303000EB8400AA
:1022900080ED000AAA48005D98B9B0EE680A11F016
:1022A000E4FFDFEDA80AB4EEE00AF1EE10FA08DD73
:1022B000A3480C3800EB8400C0ED008A0121A0483F
:1022C00001559F48005D80B19D480C3800EB8400AB
:1022D00090ED000A20EE280AB5EEC00AF1EE10FAE1
:1022E00003D201219648C01C01559548C01C005DD1
:1022F000C0B1B0EE680A11F0B8FF8F483C3000EB77
:102300008400D0ED000AB4EEE00AF1EE10FA09DD27
:10231000B0EE680A11F0A9FF87483C3000EB84005A
:1023200080ED000AB0EE490A11F09FFFF1EE040AB9
:10233000B4EEE00AF1EE10FA0CDD01217E486030C7
:102340000155001D50F8240081197B48643040F885
:10235000241006E00021784860300155001D40F847
:102360002410601CC4B2032CFFF42DAF6F48407DD5
:10237000E8B300EE106AB8EE400ADFED6D0A20EE19
:10238000200AF0EE408A6948D0ED3B0A60EEA00AD0
:1023900090ED3C1AD0ED3C1A41EE210A90ED3D1A29
:1023A000D0ED3D1A41EE210AB0EE600A11F02CFB8F
:1023B000614880ED1C0A5D4890ED3B0AD0ED3E0A75
:1023C00030EE600A8DED010A90ED3C0AD0ED3F0A37
:1023D00030EE600A8DED020A90ED3D0AD0ED400A24
:1023E00030EE600A8DED030AF5EEC08A00E01FE0D2
:1023F000F1EE10FA16DDDDED010A60EEA00A9DEDAA
:10240000021ADDED021A41EE210A9DED031ADDEDFF
:10241000031A41EE210AB0EE600A11F0F5FAC0EE9F
:10242000280A01E0DFED480A4348C0ED1D0A31E00B
:10243000B5EEC08AF1EE10FA0BDDB0EE690AFFF7D7
:1024400047F93A48D0ED310A60EE200A80EE880A5A
:1024500001E09FED3D0A384880ED1C0AB5EEC08AC8
:10246000F1EE10FA11DDB0EE690AFFF709F9F0EEAE
:10247000408A11F0FAFE2D48D0ED310A60EE200AB4
:1024800028EE081A80EE810A01E09FED2F0A2A4803
:1024900080ED1D0A2748806E274988672348C06859
:1024A000C86724480078052803D120480068281A06
:1024B00000E000202049C1F880001E48007805286F
:1024C00008D11A48D0F8B80020B11848D0F8B800A0
:1024D000281A00E000201849C1F884004FF4FA508F
:1024E000C1F88800FEF7FCFD134981F890000F4801
:1024F000407D81F891000D48807D81F892000B4865
:10250000006EC1F894000948407D20B10748D0F81A
:10251000B400281A00E000200749C1F88C000846E2
:1025200004F0D0FC04B0BDEC048B70BDFC0E0020A8
:102530006F12833A880E002094CA0120C4C701207C
:102540000C1000200AD7233C0000000010B52E48D4
:102550002E4BD3E907215B6AC0E9021342600024D5
:1025600029E094B928481C3000EB8400D0ED000A23
:1025700026481C3000EB840090ED001A70EEC10A72
:10258000B0EE600A00F05EF80DE01F481C3000EB72
:10259000840090ED000A1D481C3000EB8400D0ED53
:1025A000000A30EE600A1848283000EB840080ED05
:1025B000000A601CC4B2032CD3D3134913488030E3
:1025C000D0E90A23006BC1E90F2348644831A1F127
:1025D0000C00FFF703F80C4880ED1C0A0B49B1F81A
:1025E00007208286497A80F83610373007494A89B1
:1025F0000280097B81700648C06803494866044828
:10260000008AA1F86C0010BD880E0020C4C701200C
:10261000FC0E002010B50446D4ED000A60EEA00ABE
:1026200094ED011AD4ED011A41EE210A94ED021A3B
:10263000D4ED021A41EE210AB0EE600A11F0E4F97D
:1026400010BD000005E0DFED0E0A70EE600AB0EE8E
:10265000600ADFED0C0AB4EEE00AF1EE10FAF2DCEB
:1026600005E0DFED070A70EE200AB0EE600ADFED4C
:10267000060AB4EEE00AF1EE10FAF2D37047000059
:102680000000B44300003443000034C370B52DEDA6
:10269000028B0546B0EE408A05EB85001C4901EB34
:1026A000C0049FED1C0AF0EE408A18EE100A10F0EC
:1026B0008BFD18B90020BDEC028B70BD94ED040AAF
:1026C00030EE680AB4EEC80AF1EE10FA0AD894EDBA
:1026D000050A30EE280AB4EEC80AF1EE10FA01DB62
:1026E0000120E8E794ED060A30EE680AB4EEC80A65
:1026F000F1EE10FA0AD894ED070A30EE280AB4EE8B
:10270000C80AF1EE10FA01DB0220D4E70320D2E779
:102710008CCC0120CDCC4C3E01460548C26C12B198
:10272000881A002801DD012070470020FCE7000026
:102730002CCD012010B504460CB9012010BD204657
:10274000FFF7EAFF58B108488069A04207D0064861
:10275000006AA04203D00448806AA04201D101204F
:10276000ECE70020EAE7000090CB01202DE9F041E2
:102770002DED028B0546B0EE408A0F464DB118EEA6
:10278000100A10F021FD20B1B5EEC08AF1EE10FA6A
:1027900004D80020BDEC028BBDE8F08100241FE0CE
:1027A00005EB840090ED000A10EE101A084610F0B8
:1027B0000BFD08B90020EDE705EB8400D0ED000A21
:1027C000B0EE600A2046FFF761FF064626B1032EF1
:1027D00002D01FB9012E01D00020DBE7601CC4B27B
:1027E000032CDDD3002411E005EB8400D0ED000ABA
:1027F000B0EE600A3A46F0EE480A2946204602F05A
:10280000FFFC08B90020C5E7601CC4B2032CEBD361
:102810000120BFE70146002903DD082901DC012072
:1028200070470020FCE7000070B500240AE004EBCC
:102830008400064951F8305015B1284607F093F846
:10284000601CC4B2032CF2D370BD00008CCC0120FC
:1028500010B52DED028BB0EE408A0D4890F82400A3
:1028600020B99FED0C0ABDEC028B10BD18EE100ACA
:1028700010F0AAFC10B99FED080AF4E79FED070AD3
:1028800038EE400AF7EE000A20EE200AEBE70000DF
:1028900004CD0120000000000000C07F0000344390
:1028A000F0EE400A9FED020A30EE600A7047000029
:1028B000000034C3F0EE400A9FED020A30EE600AD9
:1028C00070470000000034C310B50B2001F0B8F8C9
:1028D00010BD0000F0B52DED048B89B0044624B97D
:1028E000032009B0BDEC048BF0BD207E08B10420AC
:1028F000F7E7207920B12079012801D00320F0E703
:1029000094F82000D8B194ED090A10EE101A084688
:1029100010F05AFC88B194ED090ADFED5C0AB4EEC0
:10292000E00AF1EE10FA08D394ED090ADFED580A37
:10293000B4EEE00AF1EE10FA01DD0320D1E794F8DD
:10294000200010B194ED090A01E003F0EDF8F0EE7B
:10295000408A94ED021AF0EE410A94ED031AB0EEAB
:10296000410A10F00DFDDFED4B0A20EE208A4A48A7
:10297000007801280ED1484840780C280AD14648F2
:10298000807838B99FED450A02F03AFF10B903F09C
:1029900073FA08B90220A4E703F00EFF08B1012082
:1029A0009FE73D4890ED070AF0EE400AB0EE680A56
:1029B00003F058FB30B1F0EE480AB0EE680A03F0BD
:1029C00051FB08B906208CE7202101A8FDF73EFE47
:1029D000607978B92079012805D101A904F10800AE
:1029E00002F0BAFC04E001A904F1080002F032FB95
:1029F00005461FE094ED050AB5EEC00AF1EE10FAA7
:102A000002DD94ED050A01E09FED250AB0EE409A43
:102A10002079012806D1B0EE490A04F1080001F03E
:102A20009BFA05E0B0EE490A04F1080001F02AF92A
:102A3000054600BFDDB994F82000B0B1D4ED090A15
:102A4000B0EE600A03F0D2FB06461EB103F026FE8C
:102A5000304646E708F04CFB0746D4ED090AB0EED5
:102A6000600A3946206800F023FA002039E7012D7A
:102A700001D1012035E7022D01D1022031E7032DDC
:102A800001D103202DE706202BE700000000DCC267
:102A90000000DC42E02E6542C4C7012000008C42E9
:102AA00000002F4470B52DED028B044624B104F1D3
:102AB000080000F061FE18B90320BDEC028B70BD68
:102AC0002548007801280ED1234840780C280AD1E7
:102AD0002148807838B99FED210A02F091FE10B9A3
:102AE00003F0CAF908B90220E7E703F065FE08B170
:102AF0000120E2E703F018F8B0EE408A164890EDA6
:102B0000070AF0EE400AB0EE480A03F0ABFA40B113
:102B100094ED020AF0EE400AB0EE480A03F0A2FA81
:102B200008B90620C9E7207920B904F1080003F0AC
:102B3000D7FE03E004F1080003F05AFE05460DB984
:102B40000020BAE7012D01D10120B6E7022D01D105
:102B50000220B2E70620B0E7C4C7012000008C4283
:102B600010B52DED028B044634B194F8240018B151
:102B70000420BDEC028B10BD1A48007801280ED14C
:102B8000184840780C280AD11648807838B99FED4B
:102B9000160A02F035FE10B903F06EF908B90220EA
:102BA000E7E7C4B194ED021AF0EE410A94ED031A7E
:102BB000B0EE410A10F0E4FBDFED0C0A20EE200A33
:102BC000B0EE408A02F0B0FFF0EE408AF0EE480A24
:102BD00003F048FA08B90620CBE7204603F00EFFC1
:102BE000C7E70000C4C7012000008C42E02E654208
:102BF0002DE9F04104463248007801280DD13048D3
:102C000040780C2809D12E48807830B99FED2D0AE4
:102C100002F0F6FD08B9012000E00020054614B9D5
:102C20000320BDE8F0812078072845D2DFE800F0D6
:102C300045040C111B252F000DB90220F1E70120DE
:102C400003F08CFA0020ECE7002003F087FA002064
:102C5000E7E70DB90220E4E7D4ED010AB0EE600A1F
:102C600003F094FADDE70DB90220DAE7D4ED020AA9
:102C7000B0EE600A03F0A2FAD3E70DB90220D0E764
:102C8000D4ED020AB0EE600A03F0B0FAC9E7002002
:102C900003F064FA0A48D0ED300AB0EE600A03F09F
:102CA000D3FA06469FED080A03F0A0FA07460EB1D4
:102CB0003046B6E73846B4E700BF0320B1E700006E
:102CC000C4C7012000008C420000000010B52DEDAB
:102CD0000A8BF0EE409AB0EE608AB0EE41AA04464C
:102CE00014B9BDEC0A8B10BD9FED2D0A69EE80AAC8
:102CF0009FED2B0A28EE00BAB0EE4A0AFFF7DAFD84
:102D000030EE080ADFED260A60EE20BAB0EE4B0A7C
:102D100010F0C2FCDFED230A60EE20CAB0EE6B0AB1
:102D200010F0BAFCDFED1F0AB0EE6CCA00EE80CAEC
:102D30009FED1D0A7CEE008A9FED1B9AB0EE6A0A99
:102D400010F0AAFC60EE28CAB0EE6A0A10F094FDFA
:102D500049EE40CAC4ED00CAB0EE6A0A10F08CFD1C
:102D600060EE28CAB0EE6A0A10F096FC49EE00CA7E
:102D7000C4ED01CAB0EE4B0A10F07EFDDFED0BCAC8
:102D8000DFED080A40EE80CAB0EE6B0A10F074FD69
:102D9000DFED040A40EE80CAC4ED02CA00BFA0E71E
:102DA00035FA8E3C000082430000000000007842AB
:102DB00070B505460DB9002070BD00BFEFF310805F
:102DC000044672B6BC2204492846FDF7E3FB04B969
:102DD00062B60120F0E7000090CB012030B5094C2D
:102DE000A06284F82C1084F82D2084F82E30246AF8
:102DF000844206D10024034D2C6285F8244085F8D6
:102E0000254030BD90CB01202DE9F04104460D4610
:102E100017461E460CB9BDE8F0813A4629462046C1
:102E200000F024F80448846280F82C5080F82D705B
:102E300080F82E6000BFEEE790CB012010B504466D
:102E4000084890F8300028B1064A117910682246E7
:102E500000F00CF80020034981F830000249886135
:102E6000087710BD2CCD012090CB012010B500B902
:102E700010BD094B186383F8341083F835201B6AA2
:102E8000834206D10023044C236284F8243084F862
:102E9000253000BFECE7000090CB0120034B186207
:102EA00083F8241083F825207047000090CB012080
:102EB0000122054B83F850201A46506582ED170A0F
:102EC00001F516729A6570472CCD0120014608481D
:102ED00090F8500008B9002070470548806D081A26
:102EE00004D40020024A82F85000F5E70120F3E7FD
:102EF0002CCD01201FB59FEDAE0A8DED000AF42107
:102F0000AC48FDF7A3FB4FF4AE71AB48FDF79EFB59
:102F10008021AA48FDF79AFB9821A948FDF796FB66
:102F20006421A848FDF792FBBC21A748FDF78EFB62
:102F30004021A648FDF78AFB7821A548FDF786FBCE
:102F40002821A448FDF782FB6021A348FDF77EFB02
:102F500000209D4908719FED960A9D4880ED010A69
:102F60009FED930A80ED020AB7EE000A80ED030A96
:102F70009FED9A0A80ED040A9FED990A80ED050AFB
:102F80009FED980A80ED060A9FED970A80ED070AEB
:102F90009FED870A80ED0B0A9FED940A80ED0C0AE5
:102FA000B7EE000A80ED0D0A9FED910A80ED0E0A42
:102FB0009FED8E0A80ED0F0AB3EE040A80ED100A31
:102FC0009FED8C0A80ED110A9FED790A80ED150ABC
:102FD0009FED820A80ED160AB7EE000A80ED170A0F
:102FE0009FED850A80ED180A9FED840A80ED190A8D
:102FF0009FED830A80ED1A0ABBEE040A80ED1B0ADE
:1030000000200190029003907E48019002208DF8EC
:103010000D0000208DF80E000320ADF808001320ED
:10302000ADF80A0006208DF80C0001A806F02CFD72
:10303000674908600220ADF808001220ADF80A00C8
:1030400007208DF80C0001A806F01EFD604988627B
:103050000120ADF808001120ADF80A0006208DF817
:103060000C0001A806F010FD5949086508460068E3
:10307000D0B10846806AB8B10846006DA0B10846D4
:103080000068808E40F2031188420DD15048806A5A
:10309000808EB0F5817F07D14D48006D808E891EEE
:1030A000884201D1012000E000204249C8706846F2
:1030B00000F03CFC3F490871FF20887100204870F7
:1030C000087081F8F00008F013F8424908600846DB
:1030D00000684860084600680861002081F8230005
:1030E00081F82400012034490874002132484174D9
:1030F0008174C1740175022141759FED430A80ED11
:10310000060A9FED420A80ED070A9FED400A80ED16
:10311000080A9FED3F0A80ED090A9FED250A80ED20
:103120000A0A9FED2F0A80ED0B0A9FED210A80ED20
:103130000C0A9FED1F0A80ED0D0A9FED1D0A80ED20
:103140000E0A032180F83C1000210164416481646F
:10315000C164016500201D49087048700220487252
:103160000320C8729FED2B0A084680ED030A9FEDED
:10317000100A80ED040AB2EE040A80ED050A154833
:103180000068886305F0ACFE02F0FCFD03F0F0FA85
:103190000848C07810B10748007918B9012000F03C
:1031A0004FFC1FBD02200349087000BFF9E7000073
:1031B00000000000C4C70120B8C8012014CA0120C3
:1031C00094CA01202CCB012090CB01204CCC0120B3
:1031D0008CCC012004CD01202CCD01200000B4C2F4
:1031E0000000B4420000DCC20000DC4200003443B6
:1031F00000000C420000484300003EC300000CC227
:10320000000052C398C20120000070420000C07F3D
:1032100000004D4300007A432DE9F04F2DED108B57
:1032200083B005460E4614469FEDF00AB0EE40EA24
:103230004FF00009CA46CB462CB9032003B0BDECC1
:10324000108BBDE8F08F20212046FDF7FFF985B3F4
:103250007EB395ED000A10EE101A08460FF0BDFF80
:1032600038B395ED010A10EE101A08460FF0B5FFBD
:10327000F8B195ED020A10EE101A08460FF0ADFFF6
:10328000B8B196ED000A10EE101A08460FF0A5FF2F
:1032900078B196ED010A10EE101A08460FF09DFF66
:1032A00038B196ED020A10EE101A08460FF095FF9D
:1032B00018B9032020702078C0E7D5ED000A60EE31
:1032C000A00A95ED011AD5ED011A41EE210AB0EEE2
:1032D000600A10F099FBB0EE408A95ED020ADFED2E
:1032E000C40A70EE608A18EE100A0FF076FF20B163
:1032F00018EE900A0FF071FF18B90720207020789F
:103300009CE79FEDBC0A08EE080AB5EEC00AF1EE94
:1033100010FA03D20420207020788FE79FEDB30AC3
:1033200018EE080AF0EE400A9FEDB00A10F05CFAC1
:10333000B0EE409A10F068FBF0EE409A9FEDAD0AB7
:10334000B4EEC08AF1EE10FA0ADD95ED001AF0EE47
:10335000410A95ED011AB0EE410A10F011F805E0AE
:1033600096ED000ADFEDA40A20EE200AF0EE40DA26
:103370000027DAE09FED9F0AF4EEC09AF1EE10FA12
:1033800002D8012F00D1CEE017B9B0EE690A01E0F2
:10339000B1EE690AF0EE40BA9FED940A7BEEC0AA46
:1033A000F0EE6B0A9FED910A0FF0EAFF3DEEC00AC6
:1033B000DFED920A20EE200AB0EE40AA00F01CFBDE
:1033C000B0EE40CA2AEEAA0A08EEA80ADFED8C0A7F
:1033D00030EE600ADFED8A0A30EE600ADFED890A1E
:1033E00080EE209A19EE100A0FF0F7FE18B90720A8
:1033F0002070207822E79FED840AB4EEC09AF1EEA7
:1034000010FA06D39FED810AB4EEC09AF1EE10FADD
:1034100000DD88E04FF0010AB7EE001AFFEE000A67
:10342000B0EE490A00F06CFAB0EE409A4FF0000896
:1034300075E0B0EE490A0FF017FFB0EE40BAB8F1F0
:10344000000F03D0B1EE4B0AB0EE40BAF0EE6A0ABC
:10345000B0EE680A0FF094FFF0EE40FAB0EE4B0ABF
:1034600010F01AF9DFED6A0A9FED691A41EE000AC1
:10347000F0EE60EAB0EE4B0A10F0FEF9DFED640A00
:1034800020EE200AB0EE40FAF0EE6E0A0FF078FF60
:103490007FEEC0CA9FED590A2BEE00DA8DED00CA0F
:1034A0009FED560A2CEE800A8DED010AB0EE4D0A12
:1034B000FFF7F6F98DED020A684600F05DF900B9F4
:1034C00029E04FF0010B6846FDF7C2FA00B922E08F
:1034D0006078401C60703146684600F0C1F9B0EE7B
:1034E00040AA1AEE100A0FF078FE18B907202070D3
:1034F0002078A3E6B9F1000F04D0B4EECEAAF1EE25
:1035000010FA07D24FF00109B0EE4AEA9DE8070031
:10351000231D07C300BF08F1010000F0FF08B8F148
:10352000020F86D300BF781CC7B2022FFFF422AF70
:10353000B9F1000F0FD1BBF1000F02D006202070AF
:1035400007E0BAF1000F02D00520207001E004204E
:103550002070207872E6D4ED031AB0EE611AD4ED33
:10356000021AF0EE610AD4ED011AB0EE610A04F11C
:103570001000FFF7ABFBD4ED040A95ED001A70EED6
:10358000C10A60EEA00A94ED051AD5ED011A31EEDC
:10359000611AD4ED051A95ED012A71EEC21A41EEB9
:1035A000210A94ED061AD5ED021A31EE611AD4ED16
:1035B000061A95ED022A71EEC21A41EE210AB0EE0A
:1035C000600A10F021FA84ED070A94ED070A10EE64
:1035D000101A08460FF001FE18B907202070207855
:1035E0002CE600202070207828E600000000000073
:1035F0000000784217B7D13835FA8E3CE02E65428C
:103600000008844700080448470380BF4703803F01
:103610000000824370B52DED028B0546B0EE408A66
:103620002846FDF763FA20B118EE100A0FF0CCFD22
:1036300020B99FED150ABDEC028B70BD05EB85002E
:10364000124901EBC004D4ED030AB0EE600AFDF7A5
:1036500049F9F6EE000AB4EEE00AF1EE10FA02D2F1
:103660009FED090AE7E794ED020A38EE400ADFED24
:10367000080A20EE200AD4ED030A80EE201A94ED09
:10368000010A31EE000AD6E70000C07F8CCC012091
:1036900035FA8E3C70B52DED028B0546F0EE408A72
:1036A0000C46022D07D0B0EE680A2846FFF7B2FF9D
:1036B000BDEC028B70BD54B194ED010A10EE101AEE
:1036C00008460FF081FD10B194ED018A1BE012480D
:1036D00090ED130A10EE101A08460FF075FD18B1A0
:1036E0000D4890ED138A0EE00B4890ED120A10EE93
:1036F000101A08460FF068FD18B1074890ED128ABD
:1037000001E09FED068AF0EE480AB0EE680A28460E
:1037100000F006F8CCE700008CCC01200000344318
:1037200010B52DED048B0446B0EE408AF0EE608AB1
:10373000022C19D1B0EE680AFFF78AF8B0EE409A71
:1037400018EE100A0FF040FD20B119EE100A0FF02C
:103750003BFD20B99FED070ABDEC048B10BD38EE90
:10376000490AB0EE408A00BFB0EE480A2046FFF793
:1037700051FFF1E70000C07F10B50446BCB194EDE5
:10378000000A10EE101A08460FF027FD78B194EDEC
:10379000010A10EE101A08460FF01FFD38B194ED23
:1037A000020A10EE101A08460FF017FD08B90020A3
:1037B00010BD94ED000ADFED1C0AB4EEE00AF1EE54
:1037C00010FA2EDB94ED000ADFED180AB4EEE00AE1
:1037D000F1EE10FA25D894ED010ADFED150AB4EEEA
:1037E000E00AF1EE10FA1CDB94ED010ADFED110A9C
:1037F000B4EEE00AF1EE10FA13D894ED020ADFED10
:103800000E0AB4EEE00AF1EE10FA0ADB94ED020AB9
:10381000DFED0A0AB4EEE00AF1EE10FA01D8012059
:10382000C6E70020C4E700006666B4C26666B4421C
:1038300033330B423333344333333EC333330BC25E
:1038400010B52DED028BB0EE408AF0EE608A78EE76
:10385000680AB0EE600A00F0CFF8BDEC028B10BD34
:1038600070B52DED068B04460D469FED200AB0EE97
:10387000409A9FED1F0AF0EE409A9FED1E0AB4EEAB
:10388000C09AF1EE10FA06D99FED1A0AF4EEC09A2A
:10389000F1EE10FA04D89FED180ABDEC068B70BD4E
:1038A00095ED001AF0EE410A94ED001AB0EE410ACF
:1038B000FFF7C6FFDFED110A80EE20AA94ED010AA2
:1038C000D5ED010A30EE600A80EE098A94ED020A15
:1038D000D5ED020A30EE600AC0EE298A2AEE0A0A05
:1038E00008EE080A08EEA80AD7E700000000114316
:1038F00000001B4317B7D1380000807F0000B4439D
:10390000F0EE401AF4EEE01AF1EE10FA02D2B0EE48
:10391000600A7047F4EEC11AF1EE10FA02DDB0EE63
:10392000410AF6E7B0EE610AF3E7000010B52DEDAD
:10393000028B86B0044603A89FED291ADFED290A01
:103940009FED290AFFF7C2F99FED280A8DED000AC5
:103950009FED250A8DED010A9FED250A8DED020AE6
:10396000DDED030A9DED001A70EEC10A60EEA00ABB
:103970009DED041ADDED011A31EE611ADDED041A38
:103980009DED012A71EEC21A41EE210A9DED051A44
:10399000DDED021A31EE611ADDED051A9DED022A08
:1039A00071EEC21A41EE210AB0EE600A10F02CF856
:1039B000B0EE408A0CB184ED008A18EE100A0FF0C8
:1039C0000CFC58B19FED0B0AB4EEC08AF1EE10FA70
:1039D00004D8012006B0BDEC028B10BD0020F9E731
:1039E0000000B4C20000B4420000000000008243A6
:1039F0000000A1430AD7233C05E0DFED0E0A70EE7C
:103A0000600AB0EE600ADFED0C0AB4EEE00AF1EEF7
:103A100010FAF2DC05E0DFED070A70EE200AB0EEE6
:103A2000600ADFED060AB4EEE00AF1EE10FAF2D316
:103A3000704700000000B44300003443000034C36A
:103A400010B5044604B901241848807808B10B2C3D
:103A500001D1164884700B2C01D1052000E0042010
:103A6000124908700B2C01D10E2000E00D200F49E7
:103A700048700820FCF71EFFFDF766F800200C498F
:103A800081F8240002F026FC01F07CFFFEF7CCFE5A
:103A90000120074981F821000B2C02D00548C0798C
:103AA00010B1002002F05AFB10BD0000C4C7012075
:103AB00004CD01201428002010B52DED028B044602
:103AC000F0EE408A0F4890ED130AB0EE408A012CC8
:103AD00007D1B0EE680A204600F018F8BDEC028B62
:103AE00010BD18EE100A0FF06FFB18B99FED060A13
:103AF000B0EE408AF0EE480AB0EE680A204600F0C8
:103B000033F8EBE78CCC01200000344370B52DED89
:103B1000028B0546B0EE408A2846FCF7E7FF20B14D
:103B200018EE100A0FF050FB20B99FED0C0ABDEC07
:103B3000028B70BD05EB8500094901EBC00494EDD3
:103B4000030AD4ED010A78EE600A60EE200A94EDD3
:103B5000020A9FED041A00EE810AE8E70000C07F28
:103B60008CCC0120E02E654210B52DED048B04466F
:103B7000F0EE409AF0EE608AB0EE690A2046FFF758
:103B8000C5FFB0EE408A022C19D1B0EE680AFEF7EC
:103B90005FFEB0EE409A18EE100A0FF015FB20B150
:103BA00019EE100A0FF010FB20B99FED060ABDECCC
:103BB000048B10BD38EE090AB0EE408A00BFB0EEAB
:103BC000480AF4E70000C07F10B52DED028B0446D3
:103BD000B0EE408A2046FCF789FF20B118EE100AAB
:103BE0000FF0F2FA20B99FED220ABDEC028B10BD56
:103BF000022C2FD11F4890F8240050B31E48806A31
:103C000020B11D48806AD0ED020A01E0DFED1B0AF9
:103C1000B0EE600A0120FFF7D7FFF0EE408A18EE01
:103C2000900A0FF0D1FA10B99FED110ADDE704EB0D
:103C30008400114901EBC00090ED030A20EE080A50
:103C4000DFED0F0A20EE200AF7EE000A00EEA80AC8
:103C5000CBE700BF04EB8400074901EBC00090ED07
:103C6000030A20EE080ADFED060A20EE200ABCE770
:103C70000000C07F04CD01208CCC0120000000009A
:103C8000E02E65422DE9F0412DED048B92B0044603
:103C9000B0EE408A07F02CFA074620210AA8FCF76C
:103CA000D5FC03208DF82800A448007802280BD00A
:103CB000A2480078042807D0A0480078032803D041
:103CC0009E480078052805D1012012B0BDEC048B78
:103CD000BDE8F08154B394ED000A10EE101A0846C6
:103CE0000FF084FA10B394ED010A10EE101A084692
:103CF0000FF07CFAD0B194ED020A10EE101A0846CB
:103D00000FF074FA90B118EE100A0FF06FFA68B164
:103D1000B7EE000AB4EEC08AF1EE10FA06D39FEDBA
:103D2000880AB4EEC08AF1EE10FA05DD9DF828008D
:103D3000FDF7F2FC0320C8E7FDF7F8FB28B99DF872
:103D40002800FDF7E9FC0220BFE77E4890ED070A56
:103D50008DED040A90ED080A8DED050A90ED090A33
:103D60008DED060A04A8FFF707FD18B104A8FCF7BB
:103D70006FFE20B90620FDF7CFFC0420A5E7DDED9E
:103D8000061AB0EE611ADDED051AF0EE610ADDEDFE
:103D9000041AB0EE610A6C48FEF798FF21466A48A3
:103DA000FDF71CFCF0EE408A18EE900A0FF01EFAA8
:103DB00020B90720FDF7B0FC032086E79FED630ADA
:103DC000F4EEC08AF1EE10FA04D80021204601F08A
:103DD00041F97AE7B7EE000AC8EE800AB0EE609AC1
:103DE000B0EE490A0FF022FCBCEEC00A10EE100A39
:103DF000401C85B2022D02D3B5F5C07F04D9032043
:103E0000FDF78AFC042060E74F481838058200203F
:103E10004D49183981F88D0001F5807004A90EC94B
:103E200018300EC004A807C801AB07C3012662E022
:103E3000681E00EE100AF8EE400A00EE106AB8EEB6
:103E4000400A80EE201AB0EE419A94ED000A3E48F6
:103E50001838D0ED060A70EE600A90ED060A09EEF9
:103E6000200A8DED070A94ED010AD0ED070A70EEE5
:103E7000600A90ED070A09EE200A8DED080A94ED1C
:103E8000020AD0ED080A70EE600A90ED080A09EE09
:103E9000200A8DED090A0AAA01A907A8FFF7BCF9B3
:103EA000A8B99DED110AF6EE000AB4EEE00AF1EEB3
:103EB00010FA0CDC0BA8FFF75FFC40B10BA8FCF775
:103EC000C7FD20B10BA901A8FDF7BAFA28B99DF8E2
:103ED0002800FDF721FC0420F7E606EB46011C480C
:103EE00000EB81000BA90EC90EC00BA807C801ABDF
:103EF00007C3701C86B2AE429ADB28469FED151AA6
:103F0000F0EE480AB0EE680AFCF71CFF804601A8F4
:103F1000FCF7F4FD20B90320FDF7FEFB0220D4E6F8
:103F200004230222DFED0B0AB0EE480A4146204688
:103F30000097FEF75BF80020C7E60000880E00201F
:103F400000002F44C4C70120140F00200AD7233CCF
:103F50001410002000409C452DE9F0412DED048B0C
:103F60009CB00446B0EE408A07F0C2F80746202114
:103F700014A8FCF76BFB03208DF85000B3480078C1
:103F800002280BD0B1480078042807D0AF48007849
:103F9000032803D0AD480078052805D101201CB0C6
:103FA000BDEC048BBDE8F08154B394ED000A10EE33
:103FB000101A08460FF01AF910B394ED010A10EE2A
:103FC000101A08460FF012F9D0B194ED020A10EE63
:103FD000101A08460FF00AF990B118EE100A0FF007
:103FE00005F968B1B7EE000AB4EEC08AF1EE10FA36
:103FF00006D39FED970AB4EEC08AF1EE10FA05DD04
:104000009DF85000FDF788FB0320C8E7FDF78EFA06
:1040100028B99DF85000FDF77FFB0220BFE708A9F3
:10402000204601F027FE20B90420FDF775FB04208F
:10403000B5E7884890ED070A8DED050A90ED080A6E
:104040008DED060A90ED090A8DED070A05A8FFF728
:1040500093FB98B105A8FCF7FBFC78B105A8FEF727
:1040600051F858B1DDED050AB0EE600A11A9DFED97
:104070007A0A7848A83001F061FD20B90620FDF7E2
:104080004BFB04208BE7214611A8FDF7A7FAF0EEC1
:10409000408A18EE900A0FF0A9F820B90720FDF722
:1040A0003BFB03207BE79FED6D0AF4EEC08AF1EE47
:1040B00010FA04D80021204601F04EF96FE7B7EE60
:1040C000000AC8EE800AB0EE609AB0EE490A0FF01E
:1040D000ADFABCEEC00A10EE100A401C85B2022DEB
:1040E00002D3B5F5C07F04D90320FDF715FB0420EA
:1040F00055E75B4805820120594981F88D0001F19F
:10410000800094E80E0010300EC01C3808A90EC9BB
:104110001C300EC0A83811A90EC918300EC0DC30F2
:1041200005A90EC918300EC005A807C802AB07C301
:10413000012669E0681E00EE100AF8EE400A00EE63
:10414000106AB8EE400A80EE201AB0EE419A94ED63
:10415000000ADDED110A70EE600A9DED110A09EE0C
:10416000200A8DED0E0A94ED010ADDED120A70EEC3
:10417000600A9DED120A09EE200A8DED0F0A94EDFA
:10418000020ADDED130A70EE600A9DED130A09EED6
:10419000200A8DED100A0BA90EA801F06BFDF8B1F5
:1041A00014AA02A90BA8FFF737F8C8B99DED1B0A9E
:1041B000F6EE000AB4EEE00AF1EE10FA10DC15A8F3
:1041C000FFF7DAFA60B115A8FCF742FC40B115A878
:1041D000FDF798FF20B115A902A8FDF731F928B91C
:1041E0009DF85000FDF798FA0420D8E606EB46014A
:1041F0001C4800EB810015A90EC90EC015A807C800
:1042000002AB07C3701C86B2AE4293DB28469FED1B
:10421000161AF0EE480AB0EE680AFCF793FD8046E5
:1042200002A8FCF76BFC20B90320FDF775FA022009
:10423000B5E604230122DFED0C0AB0EE480A414640
:1042400020460097FDF7D2FE0020A8E6880E002049
:1042500000002F44C4C70120000000000AD7233CFF
:10426000FC0E00201410002000409C4570B52DED80
:10427000028B05460E462DB9002036498860BDECFC
:10428000028B70BD002455E005EB840090ED000A20
:1042900010EE101A08460EF097FF60B104EB840090
:1042A0002D4A02EBC00090ED090A10EE101A0846E4
:1042B0000EF08AFF18B9002026498860DFE705EB79
:1042C000840090ED000A04EB8400234901EBC00058
:1042D000D0ED090A70EE608A04EB840051F83000DA
:1042E000D0ED020AB0EE600A2046FFF76DFCB0EE9A
:1042F000408A18EE100A0EF067FFA8B1B0EE680A07
:10430000FCF7F0FAF0EE000AB4EEE00AF1EE10FA73
:104310000ADCB0EE480AFCF7E5FAF1EE040AB4EE66
:10432000E00AF1EE10FA03DD00200A498860A6E7F2
:10433000601CC4B2032CA7D30648806808B905489E
:10434000866004488068301A782801D3012096E7F7
:10435000002094E704CD01208CCC0120094890F87E
:10436000330058B9074890F8310038B9054890F83B
:10437000320018B9034890F8340008B101207047A2
:104380000020FCE72CCD0120FEB50546774C2078B7
:1043900068B9607808B101F05FF900206070A07022
:1043A000022060710020724981F82300FEBD704830
:1043B00090F82300D8B901206D4981F82300084600
:1043C0000561012060700020A070E0702071022063
:1043D00060719FED680A84ED030A9FED660A84ED23
:1043E000040A0020E063206C401C2064DEE706F035
:1043F0007FFE0646FCF784FA28B1FCF7C5FA10B137
:10440000FCF7A8FA20B90720607002206071CDE7A0
:1044100094ED020A10EE101A08460EF0D5FE30B1E7
:1044200094ED020AB5EEC00AF1EE10FA04D80720A6
:10443000607003206071B9E74D480069281AE06395
:104440006078082875D2DFE800F08804125275768B
:104450007B820120607146480069281AB0F57A7F96
:1044600000D27FE00020E070022060707AE04248D5
:1044700090ED090A8DED000A90ED130A8DED010A09
:1044800090ED1D0A8DED020A04F12C0304F12002C7
:10449000191D684600F066FD20B9072060700620EF
:1044A00060715FE0D4ED020AB0EE600A002104F111
:1044B0003000FEF75BF920B90720607006206071BC
:1044C00050E02B480561002029498860A070012038
:1044D000E0709FED280A84ED030A9FED260A84ED23
:1044E000040A0020E0636071032060703AE0234812
:1044F000D0ED300AB0EE600A01F0A6FE294604F1C4
:104500003000FFF7B3FE40B10020A0700120207101
:10451000002060710620607024E015480069281AA8
:1045200046F2A811884203D3072060700220607110
:1045300018E011E000BF072060700620607111E0F4
:104540000020A07001202071002060710AE002F0BC
:10455000A5F801F081F805E000BF0020044981F8CA
:10456000230000BF00BF00BF20E70000C8C8012033
:1045700004CD01200000C07F8CCC0120C4C70120E5
:1045800070B50546F748806B281AF649C863084697
:1045900000780D2879D2DFE800F00716406989CD50
:1045A000F9F8F7F6F5F4F300284600F085FBEE483D
:1045B00040780C2806D10120EC4981F824002946D6
:1045C00000F03EFD0DE2284602F0FCFBE848407C8E
:1045D000062802D02846FFF7D7FEE348D0ED300A80
:1045E000B0EE600A01F030FEE148407C072807D1B8
:1045F0000420DC49487229460C2000F021FD0BE024
:10460000DB48407C062807D10120D84981F82400E6
:104610002946022000F014FDE3E1D348D0ED300A32
:10462000B0EE600A01F010FE01F026FC60B101F06E
:1046300081FA90F8200038B902F01EF820B129461E
:10464000032000F0FDFC10E001F074FA80780728E8
:1046500004D0C448C06BB0F5FA5F06D30220C1494C
:10466000487229460C2000F0EBFCBAE12846FCF722
:1046700047F928B1FCF788F910B1FCF76BF928B9B4
:1046800029460C2000F0DCFCABE196E1B548C06B9C
:10469000B0F5FA7F09D3B349497809B1042100E0A4
:1046A0000B210846294600F0CBFC9AE1AD491831B0
:1046B000A1F10C0001F0DEFA40B90420A9494872CA
:1046C000C87229460C2000F0BBFC8AE19FEDA90AC4
:1046D000A4480C30FFF740FC0446A2484472A648A8
:1046E00090F854009F49C87224B129460C2000F06C
:1046F000A7FC76E19B48A04B1C330ECB24300EC0A8
:104700003038D0ED0A0A90ED0B1ADFED9C1A31EE2D
:10471000C11A70EE810AB0EE600A01F065FC9148A2
:1047200080ED0C0A01208F4988702946052000F091
:1047300087FC56E1284602F045FB02F03DF830BB0D
:104740008D480078062822D18B4890ED180AF7EEA4
:10475000000AB4EEE00AF1EE10FA18DB01F0EAF913
:1047600090F8200098B901207E49C8700020487256
:10477000012001F0F3FC2946062000F061FC15E061
:104780001CE111E1D9E0ACE06FE04CE00FE07548CE
:10479000C06B46F2A811884208D301F07FFF0220C7
:1047A0007049487229460C2000F04AFC19E128465D
:1047B00002F008FB2846FCF7A3F828B1FCF7E4F860
:1047C00010B1FCF7C7F850B9002001F0C7FC022077
:1047D0006449487229460C2000F032FC01E19FED4B
:1047E000680A604880ED0D0A9FED650A01F0E6FC5D
:1047F0005C4988720846807A30B9012048712946A0
:10480000072000F01DFC0DE05648807A012809D0F1
:10481000002001F0A3FC02205249487229460C20D6
:1048200000F00EFCDDE0284602F0CCFA2846FCF74A
:1048300067F828B1FCF7A8F810B1FCF78BF850B96D
:10484000002001F08BFC02204649487229460C20CA
:1048500000F0F6FBC5E04348C06BB0F5167F03D30C
:104860002946082000F0ECFBBBE0284602F0AAFA3B
:104870002846FCF745F828B1FCF786F810B1FCF79C
:1048800069F850B9002001F069FC022035494872EE
:1048900029460C2000F0D4FBA3E09FED3A0A3148F2
:1048A00080ED0D0A9FED370A01F088FC2D498872D2
:1048B0000846807A30B9022048712946092000F064
:1048C000BFFB0DE02748807A012809D0002001F0C5
:1048D00045FC02202349487229460C2000F0B0FB19
:1048E0007FE0284602F06EFA2846FCF709F828B166
:1048F000FCF74AF810B1FCF72DF850B9002001F090
:104900002DFC02201749487229460C2000F098FB24
:1049100067E01448C06BB0F5167F0DD3002001F09E
:104920001DFC01200F49887108710020C8710872B0
:1049300029460A2000F084FB53E0284602F042FAA0
:104940000848C07968B901200649C871FCF7FAF82F
:1049500038B901200349087229460B2000F070FB8A
:104960003FE011E04CCC0120C4C7012004CD012060
:10497000B8C8012000007A43880E0020000034C32C
:1049800000000743000034421748C06B40F6B831BE
:10499000884208D3FCF7D8F8012013490872294649
:1049A0000B2000F04DFB1CE00120104908700C208A
:1049B0004870284602F006FA13E000BFFCF7C4F87E
:1049C00001F088FC00F0DEFF002001F0C7FB01F0E1
:1049D00065FE0420054908700D204870FF2088718D
:1049E00000BF00BF70BD00004CCC0120C4C7012037
:1049F00070B598B00646AD4890F83300002831D025
:104A0000AA48056C0020A94981F8330081F83100DB
:104A100081F8320081F834008864084690F830004C
:104A200030B10A461179022310680622FEF7ECF92C
:104A30000620FEF703FA9E4A92F824100223106A19
:104A40000622FEF7E1F9022207212846FEF726FAA0
:104A5000FDF73AFF0023032207212846FEF7BEF99F
:104A600018B070BD914890F8310020B38F48856B25
:104A700000208E4981F83100084690F8300030B1AE
:104A80000A461179002310680522FEF7BDF90520BA
:104A9000FEF7D4F9864A92F824100023106A052202
:104AA000FEF7B2F9FCF752F800230322062128464C
:104AB000FEF794F9D4E77D4890F83200D8B17B48EE
:104AC000C56B0020794981F83200794890F82400BC
:104AD000032807D1764A92F824100023106A052291
:104AE000FEF77CF900F0E2FC0023032205212846B2
:104AF000FEF774F9B4E76D4890F8340058B36B488A
:104B0000456C0020694981F83400084690F830006F
:104B100030B10A461179022310680622FEF774F9B3
:104B20000620FEF78BF9624A92F824100223106ADD
:104B30000622FEF769F9022208212846FEF7AEF99F
:104B400000F0FAF95B48D0F8E8005849886430462C
:104B500000F04CF984E7554890F8300000B97FE741
:104B6000302252490CA8FBF715FD00204F4981F86F
:104B700030004F49886108779DF83400012810D132
:104B80000C9807909DF838008DF82000DDE90F1291
:104B90001198CDE909120B9007A8FDF783FF044691
:104BA00063E09DF83400022828D10C9802909DF80B
:104BB00038008DF80C000CA8407A8DF80D00DDE966
:104BC0000F121198CDE9041206909DED120A8DED99
:104BD000070A0CA8007F8DF820009DED140A8DEDCA
:104BE000090A9DF854008DF828009DED160A8DEDF8
:104BF0000B0A02A8FDF76EFE044636E09DF834006D
:104C0000032828D10C9801909DF838008DF80800F1
:104C1000DDE90F121198CDE9031205909DED120AFE
:104C20008DED060A9DED130A8DED070A9DF85000E3
:104C30008DF820009DED150A8DED090A9DF85800AC
:104C40008DF828009DED170A8DED0B0A01A8FDF7E0
:104C500087FF044609E09DF83400042804D10EA81B
:104C6000FDF7C6FF044600E00424B4B99DF8340003
:104C7000032803D09DF83400042807D19DF8341090
:104C8000002303220C98FEF7A9F80DE09DF83410DC
:104C900002220C98FEF702F906E09DF83410234634
:104CA00004220C98FEF79AF800BFD9E62CCD01201B
:104CB00090CB0120C4C7012070B505464748407815
:104CC000022821D003DC38B1012873D110E0032879
:104CD00030D00C287BD164E041480068281AB0F538
:104CE0007A7F00D278E02946012000F017FB73E0BC
:104CF0003B484068281AB0F5967F00D26CE0294600
:104D0000022000F00BFB67E000240CE004EB8401C0
:104D1000344A52F8310004F039FE10B10121324812
:104D20000155601CC4B2032CF0D32946032000F0C7
:104D3000F5FA51E02A484068281A642812D3284816
:104D4000456000240CE004EB8401264A52F831004F
:104D500004F01CFE10B1012123480155601CC4B2AF
:104D6000032CF0D32846FBF7CBFDC8B100F074FC50
:104D700000B931E0002408E004EB8401194A52F83C
:104D8000310004F022FE601CC4B2032CF4D30220D4
:104D900012490870FF20887129460C2000F0BEFAE5
:104DA0001AE00F484068281A64280FD30C48456061
:104DB000002409E00BE004EB84010A4A52F83100B8
:104DC00004F003FE601CC4B2032CF4D304E02946B3
:104DD000002000F0A3FA00BF00BF70BDC4C70120CF
:104DE00004CD01208CCC0120BFC801202DE9F04763
:104DF00007464B48D0F8EC50D0F8E8804948D0F846
:104E0000549002264648D0F8EC00484500D04D4664
:104E10004348D0F8EC00404500D045464048D0F823
:104E2000EC00A84201D1BDE8F0873D48C0F8E85049
:104E30003C4845653A48807808B903262DE0384655
:104E4000FBF75EFD08B9042627E09FED370A00F066
:104E5000D7FC08B1052620E0FBF7B0FD08B1062617
:104E60001BE0002416E004EB8400304901EBC00095
:104E7000D0ED090AB0EE600A2046FDF707FC824635
:104E8000BAF1000F02D0BAF1030F01D1072603E0F7
:104E9000601CC4B2032CE6D300BF214880F8F06048
:104EA000C0F8EC501F48856580F85C60022E00D089
:104EB000B9E7FDF7B9FC00201D4981F82400002462
:104EC00018E004EB8401194A52F8310004F0E7FBC2
:104ED00038B90820124981F8F000124981F85C00C5
:104EE000A1E704EB8401114A52F8310004F04DFEB1
:104EF000601CC4B2032CE4D300200949887001204F
:104F00000B4981F82200002081F821003946012058
:104F100000F004FA00200249087000BF83E7000097
:104F2000C4C70120B8C8012000008C428CCC0120ED
:104F300004CD0120704700000848D0F8E800401C6C
:104F40000649C1F8E800012081F8F0000846D0F8D1
:104F5000E80003494865012070470000C4C70120EC
:104F6000B8C80120F0B52DED028B8BB006460F4678
:104F700015461C462F4AD2E900109268CDE9090275
:104F8000089116B10FB105B124B900200BB0BDECEA
:104F9000028BF0BD20216846FBF758FB03202070F0
:104FA000294608A800F066FE18B9042020700020E9
:104FB000ECE76A4631462846FEF72EF92070207845
:104FC00080B99DED070AF6EE000AB4EEE00AF1EEB4
:104FD00010FA07DC01A8FEF7CFFB18B101A8FBF718
:104FE00037FD08B90020D1E79DED020ADDED030A87
:104FF0009FED111A71EE600A30EE208AB0EE480A79
:1050000000F0F2FFF0EE408A01F01EF840B19DED95
:10501000010AF0EE400A9FED090A01F023F818B9E1
:10502000062020700020B1E701A807C887E8070024
:105030000120ABE7F05F0108000034C3000000006E
:10504000034A107091630022014BDA63704700003D
:105050004CCC012070B58CB004460D46202104A82C
:10506000FBF7F4FA03208DF81000BCB194ED000AB0
:1050700010EE101A08460EF0B9F878B194ED010A56
:1050800010EE101A08460EF0B1F838B194ED020A8D
:1050900010EE101A08460EF0A9F860B99DF810003D
:1050A000FCF73AFB25B1202204A92846FBF772FA47
:1050B00003200CB070BDFCF739FA58B99DF8100008
:1050C000FCF72AFB25B1202204A92846FBF762FA47
:1050D0000220EEE7474890ED070A8DED010A90EDBA
:1050E000080A8DED020A90ED090A8DED030A04AA63
:1050F00001A92046FEF790F880B99DED0B0AF6EE67
:10510000000AB4EEE00AF1EE10FA07DC05A8FEF79B
:1051100033FB18B105A8FBF79BFC58B99DF81000AC
:10512000FCF7FAFA25B1202204A92846FBF732FA47
:105130000420BEE705A802F00FFA58B99DF8100048
:10514000FCF7EAFA25B1202204A92846FBF722FA47
:105150000220AEE70020284981F88D0001F180008F
:1051600094E80E001C300EC0283894E80E00103071
:105170000EC001202049088201F5807005A90EC9E2
:1051800018300EC01D4805A90EC910300EC01C38BD
:1051900005A90EC91C300EC0283894E80E0048300E
:1051A0000EC00020154981F85400012081F85500F7
:1051B00081F85600B7EE000A084680ED180A002074
:1051C000486688660120A1F86C00002048700A49F2
:1051D000C1F8B80005F08CFF064631460520FCF703
:1051E000EFFD25B1202204A92846FBF7D3F90020C2
:1051F0005FE70000C4C70120FC0E0020880E0020DD
:105200002DE9F0412DED068B05468846B0EE408A2B
:10521000F0EE608A1746032D0ED218EE100A0DF03C
:10522000D3FF48B118EE900A0DF0CEFF20B1F5EE95
:10523000C08AF1EE10FA04D80020BDEC068BBDE860
:10524000F08105EB8500234901EBC006B0EE480A6A
:105250002846FDF71BFA044624B1032C02D01FB9DF
:10526000012C01D00020E8E74146B0EE480A28466C
:10527000FEF710FAB0EE409A9FED170A28EE800A6A
:10528000D6ED030A80EE201AB0EE41AAB0EE4A0A2B
:10529000FBF728FBF0EE409A19EE100A0DF094FF90
:1052A00060B119EE900A0DF08FFF38B1F0EE690A87
:1052B000B0EE490A306804F0A8FC08B90020BCE749
:1052C00086ED088A054800EB850080ED008A012004
:1052D000B3E700008CCC012035FA8E3CF0C70120EA
:1052E00000B52DED048B83B0B0EE409AB0EE608A2D
:1052F000F0EE418A8DED009A8DED018ACDED028AA6
:105300006846FBF7FBFB20B9002003B0BDEC048B23
:1053100000BD684602F020F9F7E7000010B50B4B1E
:105320005A7858700A4B59600023094CA360E36017
:105330009FED080A234683ED050A0C2804D10C2AA8
:1053400002D0002384F8233010BD0000C4C7012020
:1053500004CD01200000000070B52DED028B8EB051
:1053600004460D46202103A8FBF770F903208DF8B1
:105370000C00BCB194ED000A10EE101A08460DF0B6
:1053800035FF78B194ED010A10EE101A08460DF0C1
:105390002DFF38B194ED020A10EE101A08460DF0F8
:1053A00025FF70B99DF80C00FCF7B6F925B1202255
:1053B00003A92846FBF7EEF803200EB0BDEC028BE4
:1053C00070BD0BA9204600F055FC68B90420FCF71D
:1053D000A3F93DB104208DF80C00202203A9284632
:1053E000FBF7D8F80420E8E72D4890ED070A8DED8B
:1053F000000A90ED080A8DED010A90ED090A8DED85
:10540000020A03AA69460BA8FDF706FFA0B99DEDA5
:105410000A0AF6EE000AB4EEE00AF1EE10FA0BDC2E
:1054200004A8FEF7A9F938B104A8FBF711FB18B1DD
:1054300004A8FCF767FE58B99DF80C00FCF76CF95E
:1054400025B1202203A92846FBF7A4F80420B4E7DD
:1054500029460BA8FFF7FEFD0646FEB901201149BB
:1054600081F88D0001F1800094E80E0010300EC02C
:105470001C380BA90EC91C300EC0A83894E80E00C9
:1054800024300EC0084894E80E0048300EC004A82E
:10549000FCF7EAFCB0EE408A00F0D6FE30468CE71E
:1054A000C4C70120FC0E0020880E002010B501F0BA
:1054B0008FFA10BD70B504462CB1206818B1207960
:1054C000FDF7A8F908B9032070BD2079072808D096
:1054D0002079062805D02079052802D020790828CF
:1054E00045D100BFEFF31080054672B62068FDF786
:1054F00021F918B105B962B60720E5E72079072838
:105500000DD1514920680864012081F83300002042
:1055100081F8310081F8320081F8340020E0FEF794
:105520001DFF18B105B962B60120CDE72079062824
:1055300006D1454920688863012081F831000FE0D9
:105540002079052806D140492068C863012081F8E8
:10555000320005E03C4920684864012081F83400AD
:1055600039492068C86405B962B60020ACE72068F4
:10557000FDF7E0F808B10720A6E7344800780128D5
:105580000ED1324840780C280AD13048807838B99A
:105590009FED2F0A00F034F910B900F06DFC28B926
:1055A000204600F0FFF908B902208DE72079032892
:1055B0000ED1254890F8300040B92648006A28B935
:1055C00001F0FAF898B101F085F980B901207BE784
:1055D0001D4890F8300040B91E48006A28B901F013
:1055E000EBF810B901F076F908B101206CE700BFC3
:1055F000EFF31080054672B62068FDF79BF818B1EE
:1056000005B962B607205FE70F4890F8300010B97F
:10561000FEF7A4FE18B105B962B6012054E73022A6
:1056200021460948FAF7B6FF0120074981F8300002
:105630002068C8640749206888612079087705B91F
:1056400062B6002040E700002CCD0120C4C7012035
:1056500000008C4290CB01203EB51C4890F82400FD
:1056600000BB00241AE004EB8400194951F83050C3
:105670001DB1284604F0E0F908B900203EBD04EB56
:105680008400134901EBC00090ED090A04EB84008B
:1056900001EBC00080ED080A601CC4B2032CE2D309
:1056A0000120EBE70A4890ED090A8DED000A90ED24
:1056B000130A8DED010A90ED1D0A8DED020A0121FC
:1056C000B1EE040A6846FDF751F8D7E704CD012092
:1056D0008CCC012070B505F00BFD0546284601F085
:1056E000F3FB2846FFF784F94048807818B1284634
:1056F000FFF77CFB28E02846FBF776F918B102207B
:10570000FEF79EF921E09FED3A0A00F079F818B112
:105710000A20FEF795F918E0FBF782F918B103208B
:10572000FEF78EF911E09FED330A00F069F840B101
:10573000002000F013FD00F0B1FF02212E4841755A
:1057400003E02846FEF71CFF00BF284601F0BCFB23
:1057500026480078012819D1244840780C2815D112
:105760002248807890B92148007978B100BF1F485D
:10577000D0ED300AB0EE600A00F066FD1B48D0EDB7
:10578000070AB0EE600A284600F0DAFE284600F06C
:10579000B1FD1648D0ED070AB0EE600A00F1B40181
:1057A000DFED160AA83000F0C9F900F0C3F904468D
:1057B00060780E4981F8C800E07981F8C90001F1EC
:1057C0008000D4E90312C0E9131280386169C0F87F
:1057D000D41094F85400054981F8D800A06DC1F8A0
:1057E000DC0001F0E5FE01F00FFD70BDC4C7012033
:1057F0000000A04200008C42B8C801200000000058
:10580000002117E001EB81000C4B53F830207AB1F6
:10581000D2ED040AF4EEC00AF1EE10FA06DAD2ED87
:10582000050AF4EEC00AF1EE10FA01DB0120704720
:10583000481CC1B20329E5D30020F8E78CCC012035
:1058400010B52DED0A8B0446B0EE408A18EE100A12
:105850000DF0D5FC18B1012C05D0022C03D000208E
:10586000BDEC0A8B10BD022C02D19FED370A01E07E
:105870009FED360AB0EE40AA022C02D19FED340A09
:1058800001E09FED340AF0EE40AA022C02D19FED18
:10589000320A01E09FED2F0AF0EE40BAB4EECA8A58
:1058A000F1EE10FA01D2B0EE4A8AB4EEEA8AF1EED5
:1058B00010FA01DDB0EE6A8A012C02D19FED270AB1
:1058C00001E09FED270AB0EE40CA022C02D19FED05
:1058D0001F0A01E09FED1D0AB0EE409A022C02D192
:1058E0009FED200A01E09FED1F0AF0EE409A39EE8D
:1058F000C90A80EE2BBA9FED1C0A38EE400AF0EE82
:105900004C8A40EE0B8AF4EEC98AF1EE10FA05D209
:10591000BCEEC90A10EE100A80B2A1E7F4EEE98AE3
:10592000F1EE10FA05DDBCEEE90A10EE100A80B2C5
:1059300096E7B6EE000A38EE800ABCEEC00A10EE1A
:10594000100A80B28CE70000000034C200000000A2
:10595000000061430000344300008743000001441D
:105960000000FA4300007A440000B4420021034AD8
:105970001154002202490A5470470000BC2800203C
:105980008028002010B50020FFF7F0FF0120FFF76E
:10599000EDFF0020024981F8200081F8260010BDAB
:1059A00014280020014611B10879042801D00020F4
:1059B0007047087A022802D0087A062801D101200F
:1059C000F6E70020F4E70000F8B5064653484078B3
:1059D00028B95348007818B95148407800B9F8BD43
:1059E0004F48007800283BD04D484078002837D0F9
:1059F0004B48C1880089814232D14948C088009013
:105A00004748838841880222012008F0F7FB0446BA
:105A1000012C00D1E3E7BCB9002000F04DFA0120D1
:105A200000F04AFA0020FFF7A1FF0120FFF79EFFD8
:105A30003C48D0F88400401C3A49C1F88400012059
:105A40004870002088650AE0002000F021FA01205B
:105A500000F01EFA00203349487003208865BEE735
:105A60002F480078A8B12E48407890B12C48C168E2
:105A70000069814202D12A48057D11E02848C168A9
:105A80000069081A002801DD012000E00020054619
:105A900006E02348007808B9012000E00020054610
:105AA0001F4B9B1D33F815201B1F33F815100DB924
:105AB000012300E00223184608F096FB0446012C5F
:105AC00000D18CE704BB284600F0F6F92846FFF722
:105AD0004DFF0DB9012000E0002011490875114863
:105AE000D0F88000401C0F49C1F880000846007AB9
:105AF00020B10846407A08B1012000E000200949A1
:105B000048700020886507E0284600F0C1F90020B1
:105B1000044948700320886500BF60E7E40C00205A
:105B2000BC28002014280020014890ED0D0A704781
:105B300014280020004870471428002070B52DED6F
:105B4000088B0446B0EE409AB0EE608A0D4614B35E
:105B50000DB394ED000A10EE101A08460DF04FFB3D
:105B6000C8B194ED010A10EE101A08460DF047FB7B
:105B700088B194ED020A10EE101A08460DF03FFBB2
:105B800048B119EE100A0DF03AFB20B118EE100AD8
:105B90000DF035FB30B90120314988650020BDEC9E
:105BA000088B70BD9FED2F0A29EE00AA9FED2D0AEC
:105BB00068EE008AB0EE680A0DF06EFDDFED2A0A8D
:105BC00020EE20BADFED290A78EEE00AB0EE600A96
:105BD0000DF062FDDFED260AF0EE4B9A40EE809A62
:105BE000B0EE680A0DF048FEDFED1F0A20EE20BA85
:105BF000DFED1E0A78EEE00AB0EE600A0DF03CFE22
:105C0000DFED1B0AF0EE4BAA40EE80AAB0EE4A0A86
:105C10000DF042FDD4ED000A49EE800AC5ED000A00
:105C2000B0EE4A0A0DF028FED4ED010A49EE800AD2
:105C3000C5ED010A94ED020A30EE2A0A85ED020A4A
:105C40000748803094E80E000C300EC0183895E8F4
:105C50000E0018300EC0A43880ED298A01209EE77E
:105C60001428002035FA8E3C33337142DB0FC93FD4
:105C70000000584270B52DED028B04460D46C4B1AC
:105C8000BDB194ED000A10EE101A08460DF0B7FAF7
:105C900078B194ED010A10EE101A08460DF0AFFA33
:105CA00038B194ED020A10EE101A08460DF0A7FA6A
:105CB00030B90120304988650020BDEC028B70BDF1
:105CC000D4ED000A60EEA00A94ED011AD4ED011A99
:105CD00041EE210AB0EE600A0DF096FEB0EE408A69
:105CE00018EE100A0DF08BFA30B19FED240AB4EED5
:105CF000C08AF1EE10FA04D804201F4988650020FC
:105D0000DBE79FED1E0A78EE408A94ED000A20EE54
:105D1000280AC0EE080AC5ED000A94ED010A20EE3B
:105D2000280AC0EE080AC5ED010A94ED020ADFED6B
:105D3000140A30EE200A85ED020A95ED000A10EEF5
:105D4000101A08460DF05BFA78B195ED010A10EED5
:105D5000101A08460DF053FA38B195ED020A10EE0C
:105D6000101A08460DF04BFA20B904200249886544
:105D70000020A2E70120A0E714280020333371425D
:105D80000000584210B5A8213548FAF75FFC1821E9
:105D90003448FAF75BFC08F0EDF9044600224FF4B2
:105DA0008051314805F09EF92D48047000202C499F
:105DB000C871012081F854009FED2C0A084680ED3F
:105DC000030A9FED2B0A80ED040A012081F82C00C4
:105DD00081F82D009FED270A084680ED0D0A9FED02
:105DE000250A80ED0C0A9FED230A80ED0E0A9FED37
:105DF000210A80ED0F0A9FED1E0A80ED100A4FF474
:105E0000FA70A1F8440005F073F9154988649FED14
:105E1000170A084680ED060A05F06AF91049C861BC
:105E2000002081F820009FED110A0120FFF708FDF6
:105E30000B4988824FF4FA710948C1820020084951
:105E400048700CB1012000E007200549887005F07A
:105E50004FF90349C1F888000CB90320886510BDCB
:105E600014280020BC280020000402400000344216
:105E70000000B4420000000010B5FFF75BFE0446CE
:105E8000A078062801D1012010BD0020FCE7000009
:105E900010B50446074850F82400401C054941F855
:105EA0002400002103485C3801552046FFF75EFDC1
:105EB00010BD000078280020054951F82010491C29
:105EC000034A42F820100122014954390A5470470C
:105ED000702800202DE9F0472DED028B0746B0EE2B
:105EE000408A0E469146384600F030F9044605F0E7
:105EF000FFF880463A48007838B90120384988656B
:105F00000220BDEC028BBDE8F087012F01D0022FEB
:105F100009D1B0EE480A384600F0DCF818B147F273
:105F20003050864204D902202D4988650320E8E7D5
:105F3000B9F1000F1DD12A48D0F88800A8EB000065
:105F40001E2801D20020DCE725480C3000EB84003D
:105F5000D0ED000A78EE600AB0EE600A0EF08AF921
:105F6000F6EE000AB4EEE00AF1EE10FA01D20020DB
:105F7000C7E7B0EE480A3846FFF762FC0546194805
:105F8000005D40B11648783050F82400401C144998
:105F9000783141F82400012012490855881C20F866
:105FA0001450001D20F81460801D40F82480012149
:105FB0000B486C300155801C20F81450001D20F84F
:105FC0001460663800EB840080ED008A04481430C9
:105FD00020F814501438C0F88880002091E70000A1
:105FE00014280020BC28002010B52DED028BB0EE47
:105FF000408A18EE100A0DF002F950B1B7EE000A0F
:106000000EF038F9DFED0C0AB4EEE00AF1EE10FA0A
:1060100004D29FED0A0ABDEC028B10BD9FED080A69
:1060200028EE000AB7EE001AC0EE010A9FED050A3D
:1060300030EE800AEFE70000BD3786350000C07FF4
:10604000CDCC4C3F0000B44210B52DED028BB0EE2C
:10605000408AB0EE480A012000F03CF8BDEC028B0B
:1060600010BD000010B52DED068BB0EE408AF0EEAD
:10607000608A18EE100A0DF0C2F820B118EE900AEE
:106080000DF0BDF818B90020BDEC068B10BDB7EEC1
:10609000000A28EE809AB5EEC08AF1EE10FA04DD0F
:1060A000B7EE000A28EE000A03E0B7EE000A28EE79
:1060B000000AB0EE40AA9FED060A3AEE000A70EE22
:1060C000099AB0EE690A022000F004F8DCE700004B
:1060D0000000B44210B52DED028B0446B0EE408AAC
:1060E00018EE100A0DF08BF818B90020BDEC028BE9
:1060F00010BD022C11D19FED120AB4EEC08AF1EE50
:1061000010FA08DB9FED0F0AB4EEC08AF1EE10FA28
:1061100001D80120EAE70020E8E7012C0DD1B5EE17
:10612000C08AF1EE10FA08DB9FED070AB4EEC08AD0
:10613000F1EE10FA01D80120D8E70020D6E70000E0
:10614000000034C2000061430000344301460129CD
:1061500001D0012070470020FCE7000010B5044684
:106160000CB1012000E0002002464FF480510548A8
:1061700004F0B8FF0CB1012000E000200249C87112
:1061800010BD0000000402401428002010B52DEDC1
:10619000028BB0EE408A0020074981F8540081F854
:1061A000200001220021B0EE480A1046FFF792FEBF
:1061B000BDEC028B10BD00001428002010B52DEDA1
:1061C000028BB0EE408AB0EE480A0220FFF782FF51
:1061D00018B90320BDEC028B10BD01224FF4FA71F7
:1061E000B0EE480A0220FFF775FEF3E710B52DED7B
:1061F000028BB0EE408A18EE100A0DF000F868B17C
:106200009FED0E0AB4EEC08AF1EE10FA06D39FEDB0
:106210000C0AB4EEC08AF1EE10FA06DD022009493C
:1062200088650320BDEC028B10BD064880ED0D8A09
:106230000020044981F8260000BFF3E70000DCC21B
:106240000000DC421428002010B52DED028BF0EE8A
:10625000408AB0EE680AFFF7C7FEB0EE408AB0EEA3
:10626000480AFFF7F1FE40B90020184948700220A3
:1062700088650620BDEC028B10BD0120134981F812
:1062800054009FED130A084680ED290A80ED068A26
:10629000D0ED030A78EE600AB0EE600A0DF0EAFF76
:1062A000F6EE000AB4EEE00AF1EE10FA0BDD074854
:1062B00090F8200018B904F01BFF0449C8610120C0
:1062C000024981F820000020D4E7000014280020B3
:1062D0000000000010B5064890ED030A80ED060AA4
:1062E0000020034981F82000FFF740FB10BD0000AB
:1062F0001428002070B52DED048B0446204608F0CC
:10630000E7F88A488078082873D2DFE800F08A042A
:106310002637517C88898548D0F88800201AB0F546
:106320007A7F00D27EE001224FF4FA719FED800A5D
:106330001046FFF7CFFD05463DB97C484571012069
:106340007A49C8700220887006E0012D04D0774891
:10635000457107207549887064E07648407860B9D7
:10636000724890F86C0040B97048D0F88800201A44
:106370001E2802D303206D49887053E001224FF498
:10638000FA719FED6D0A0220FFF7A4FD05463DB9A5
:106390006648857102206549C8700420887006E04F
:1063A000012D04D06148857107206049887039E06B
:1063B0006048407830BB5D4890F86D0010BB5B488A
:1063C0000079401C594908710846007A20B10846F6
:1063D000407A08B1012000E0002054494870084686
:1063E0000079052806D20846C0F888400520887044
:1063F00008E013E04D48407808B1062000E007208F
:106400004A4988700EE04948D0F88800201AB0F553
:10641000967F02D301204549887003E000BF00BF8A
:1064200000BF00BF00BF4148807806282ED13F48FA
:1064300090F8260050B33D48806A201A642825D37E
:106440003A4884623D48407820B13848C06F401CCB
:106450003649C8670120394948703448418C37486B
:1064600081803248818C35480181046101212F48A7
:1064700080F86D10418CA0F87010818CA0F8741019
:1064800090F82600401E294981F826002748807888
:10649000062845D1254890F82000E8B32348C06974
:1064A000201A14283CD3214890ED030AB0EE409AFC
:1064B00090ED060AB0EE408A38EE490AF0EE409AB6
:1064C000B0EE690A0DF0D6FEF6EE000AB4EEE00A70
:1064D000F1EE10FA04D80020144981F820001EE0E3
:1064E000F0EE488A01220021B0EE680A1046FFF75C
:1064F000F1FCA0B90D48C46178EE680AB0EE600AFC
:106500000DF0B8FEF6EE000AB4EEE00AF1EE10FA75
:1065100005D80020054900E002E081F8200000BF16
:106520002046FFF751FABDEC048B70BD1428002003
:1065300000003442E40C00200000B442BC280020DB
:1065400070B52DED068BB0EE408A04464848807841
:10655000062803D1464890F82C0018B90220BDEC5B
:10656000068B70BD18EE100A0CF049FE20B9012010
:106570003F4988650320F2E7B7EE000A28EE009A4B
:106580003B4890ED0D0AB5EEC00AF1EE10FA06DDBB
:1065900090ED0D0AF7EE000A20EE200A06E03448DE
:1065A00090ED0D0AF7EE000A20EE200AB0EE40AAA8
:1065B0007AEE099A9FED2F0A79EE808A2C4880EDB9
:1065C0000C8A80ED0E9AC0ED0F9AC0ED108AB0EEE5
:1065D000680A0220FFF77EFD80B9254890F82D005B
:1065E00020B12348006D401C214908650020204946
:1065F00081F82D00022088650320B0E701201C49A6
:1066000081F82D000846806D022801D100208865A0
:10661000B0EE680A0220FFF713F91549A1F844000B
:106620000846806C201A14280FD30846D0ED040ABF
:1066300078EEE00AB0EE600A0DF01CFEF6EE000AFD
:10664000B4EEE00AF1EE10FA01D2002087E7012251
:106650000021B0EE680A0220FFF73CFC05462DB988
:1066600003488464C06C401C0149C864284676E72E
:10667000142800200000B4420648407838B9064883
:10668000007820B90448407808B9012070470020FC
:10669000FCE70000E40C0020BC2800203EB5FAF71F
:1066A00045FF00B93EBD2F4890ED070A8DED000A69
:1066B00090ED080A8DED010A90ED090A8DED020AB0
:1066C000684600F049FF28489DE80E0010300EC0D3
:1066D000254A9DE80B001C320BC22349214880301B
:1066E000D0E90A23006BC1E91223086500201F4985
:1066F00081F88D0001F180001A498031D1E90A2327
:10670000096BC0E90723416216498031D1E90A23A8
:10671000096BC0E904238161B7EE000A124880EDDD
:10672000180A0120104981F85600002048700F49CE
:106730004875887501F180000021C16601674167D5
:1067400001200A49088201F580709DE80E0018308A
:106750000EC004F0CDFC044621460620FBF730FBBA
:1067600000BF9FE7C4C70120880E0020FC0E002058
:1067700010B541F618110E48F9F768FF74210D485D
:10678000F9F764FF00200B490870487004F0B0FC72
:10679000074988600020FDF7C9F805498874084654
:1067A000807C20B90820034908700120487010BD82
:1067B000FC0E0020880E00200B48407D78B90B4865
:1067C000007802280BD009480078032807D0074832
:1067D0000078042803D005480078052801D101205D
:1067E00070470020FCE70000FC0E0020880E00200F
:1067F0007FB5044614B1FFF7DFFF28B114B90320B9
:1068000004B070BD0120FBE7FAF790FE08B9022042
:10681000F6E72046FCF7B0FF18B12046FAF718F962
:1068200008B90420ECE7022025490882002081F8FD
:106830008D0001F58070234AD2E90713526AC0E93E
:1068400007328161183094E80E000C300EC0D4ED90
:10685000021AB0EE611AD4ED011AF0EE610AD4ED1D
:10686000001AB0EE610A01A8FCF730FA1449154885
:106870008030D0E90A23006BC1E9062308620220B8
:106880009FED111ADFED110A9FED110AFAF75AFA7E
:1068900006462046FAF732F908B90220B0E704F0BC
:1068A00027FC054604230122DFED070A9FED070AB6
:1068B0003146009001A8FBF799FB0020A0E70000FB
:1068C000FC0E0020C4C7012000409C4500002F445E
:1068D000000000000148407D70470000FC0E0020D1
:1068E0003EB5044614B1FFF767FF20B10CB9032091
:1068F0003EBD0120FCE7FAF719FE08B90220F7E7D0
:106900002046FCF739FF18B12046FAF7A1F808B97C
:106910000420EDE7D4ED021AB0EE611AD4ED011AAD
:10692000F0EE610AD4ED001AB0EE610AFEF7D8FC71
:1069300008B90220DCE70020234981F88D000120FE
:10694000088201F5807094E80E0018300EC0D4ED76
:10695000021AB0EE611AD4ED011AF0EE610AD4ED1C
:10696000001AB0EE610A6846FCF7B0F9174894E8DF
:106970000E0010300EC01C3894E80E001C300EC003
:1069800028389DE80E0048300EC001200F4981F8DC
:10699000560081F85500B7EE000A084680ED180A47
:1069A0000020486688660120A1F86C00002048702D
:1069B0000549C1F8B80004F09BFB054629460520AF
:1069C000FBF7FEF9002093E7FC0E0020880E002064
:1069D00010B50948407D00B910BD00200649487532
:1069E000887501F180000021C16601674167FFF7EA
:1069F00055FE00BFF0E70000FC0E002030B52DED85
:106A0000028B91B0044604F073FB0546ACB394EDE1
:106A1000020A10EE101A08460CF0E8FB68B394ED79
:106A2000030A10EE101A08460CF0E0FB28B394EDB0
:106A3000040A10EE101A08460CF0D8FBE8B194EDE9
:106A4000050A10EE101A08460CF0D0FBA8B194ED20
:106A5000060A10EE101A08460CF0C8FB68B194ED57
:106A6000050AB5EEC00AF1EE10FA06D394ED060A57
:106A7000B5EEC00AF1EE10FA04D2032011B0BDEC5D
:106A8000028B30BD207F08B10420F7E7FAF74EFDF6
:106A900008B90220F2E7207928B9D4E90312A068E6
:106AA00003AB07C30FE0207901280AD103A904F141
:106AB0000800FFF7DFF830B90420FAF72DFE0620B2
:106AC000DCE70320DAE794ED050AB5EEC00AF1EE43
:106AD00010FA02DD94ED050A01E09FEDB30AB0EE75
:106AE000408A94ED060AB5EEC00AF1EE10FA02DD16
:106AF00094ED060A01E09FEDAD0AF0EE408AB7EE94
:106B0000000AB4EEC08AF1EE10FA14D39FEDA60A83
:106B1000B4EEC08AF1EE10FA0DDCB7EE000AF4EE26
:106B2000C08AF1EE10FA06D39FEDA10AF4EEC08AF6
:106B3000F1EE10FA01DD0320A0E79E48FCF71CFEF1
:106B400018B19C48F9F784FF08B9022096E79A48E3
:106B5000407D40B198488030D0E91812806ECDE970
:106B60000612089005E0934A1C3A1C3207CA06AB8D
:106B700007C3202109A8F9F769FD00208F4981F892
:106B8000570009AA06A903A8FCF746FB20B101207B
:106B90008A4981F857002AE09DED100AF6EE000AB6
:106BA000B4EEE00AF1EE10FA04DD0220834981F828
:106BB00057001CE00AA8FCF7DFFD20B903207F493D
:106BC00081F8570013E00AA8F9F742FF20B9042022
:106BD0007A4981F857000AE02079012807D10AA8EC
:106BE000FBF790FA18B90420744981F857007348EC
:106BF00090F8570058B1714890F857006F4981F8E4
:106C000058009DF82400FAF787FD062036E76A4809
:106C1000407D002874D10AA8F9F770FF08B9022056
:106C20002CE7654963486430D0E90A23006BC1E969
:106C30000C2388635F486430D0E90A23006BC1E904
:106C40000F2348642079012828D15A481C38D0EDF8
:106C5000070AB0EE600A6946DFED590AA830FEF770
:106C60006DFF08B9062009E753489DE80E0048303B
:106C70000EC054389DE80E0054300EC060389DE8B8
:106C80000E0030300EC03C389DE80E003C300EC087
:106C900048389DE80E0018300EC008E046494548C7
:106CA0006430D0E90A23006BC1E906230862424838
:106CB00080300021C166016741678167C167C0F804
:106CC000801006A90EC948300EC0543806A90EC956
:106CD00054300EC060380AA90EC960300EC00120C1
:106CE000354908750846C0F8A850C0F8AC500220D5
:106CF000C1F8B0000120487508464560FAF71CFD50
:106D00002C2221462C486030F9F744FC20792A498E
:106D100081F88C00207981F88D0001F180000AA9AA
:106D20000EC960300EC0EC3880ED1D8AC0ED1E8AA1
:106D3000C0F8B450002020498875084680ED2F8A9D
:106D4000C0ED308AD4E90323A16824300EC004F1D9
:106D50000801FAF743FC184880ED310A8030D4E985
:106D60000323A16810300EC01C3803A90EC91C30C3
:106D70000EC012480AA90EC91C300EC0283803A93B
:106D80000EC948300EC000200C4981F85400012083
:106D900081F8560081F855000020487029460420EB
:106DA000FBF70EF8002069E600002F440000A04227
:106DB00000409C45E0C70120FC0E0020880E00200A
:106DC0000000000070B504463C488068251A3B4826
:106DD0008460807C30B9FBF7B9FB29462046FBF77D
:106DE000A7F970BDFAF7A2FB18BB35480078022856
:106DF00003D033480078042805D13048406828443F
:106E00002E49486008E02E480078062804D12B4817
:106E10000068284429490860052029494870002055
:106E200081F85600FBF792FB29462046FBF780F9D4
:106E3000D7E723484078052802D100202049487030
:106E40001E48407D50B129462046FAF757FDFBF712
:106E50007DFB29462046FBF76BF9C2E7184800780E
:106E60000F281CD2DFE800F008090E1B0F131719BA
:106E70001A1B1B1B1B1B180000BF21460620FAF71C
:106E80009FFF11E000BF2046FAF774FC0CE020469B
:106E9000FAF73EFF08E007E000BF00BF04E021462C
:106EA0000620FAF78DFF00BF00BFFBF74FFB294616
:106EB0002046FBF73DF900BF93E70000FC0E0020E1
:106EC000880E0020704700002DE9F0472DED028B61
:106ED0008046C64890F82400C549C87000260DE1D8
:106EE00006EB8600C34901EBC0073C68C6EBC60051
:106EF00000EB4001BE48603000EB81059FEDBE0A0B
:106F0000B0EE408A4FF00009002C7CD0D4ED010A8D
:106F1000B0EE600A3046FCF7CFFD87ED090AD4EDEC
:106F2000020AB0EE600A3046FCF74EFEB0EE408A30
:106F3000D7ED090AB0EE600A3046FBF7A7FB8146A1
:106F40004146204602F002FEAC49885594F84510AF
:106F5000AA48C01C815594F84410C01C8155B9F151
:106F6000010F01D1012100E00021A4480930815521
:106F7000B9F1010F02D0B9F1020F01D1012100E0F6
:106F800000219E480C3081556178C01C815594EDDC
:106F9000010A263000EB860080ED000A94ED020A1B
:106FA0009648413000EB860080ED000A93484D3052
:106FB00000EB860080ED008A94ED030A8F4865306F
:106FC00000EB860080ED000A94ED030A8B485930EF
:106FD00000EB860080ED000A94ED0F0A87487130BF
:106FE00000EB860080ED000A94ED100A83487D30A6
:106FF00000EB860080ED000A94ED040A7F4889309A
:1070000000EB860000E067E080ED000A94ED050AE1
:107010007A48953000EB860080ED000A208E2035FE
:1070200025F8200C608E25F81E0CA08E25F81C0C6F
:1070300094ED010A05ED060A97ED090A05ED050A2A
:1070400097ED080A05ED040A94ED0F0A05ED030A11
:1070500094ED100A05ED020A94ED100ADFED680ABE
:1070600020EE200A05ED010A94ED020A85ED000AE2
:1070700085ED018A94ED030A85ED020A94ED040A78
:1070800085ED030A94ED050A85ED040A60782875FC
:10709000207E68755948805DA87594F84400E875AD
:1070A00094F84500287694F846006876204602F069
:1070B0005CFDA87685F81B9050480C30805D2877E1
:1070C000E0692862E06C6862206DA862A06DE862E9
:1070D000B4F860002886203D97ED090A474815302E
:1070E00000EB860080ED000A97ED080A4348253042
:1070F00000EB860080ED000A701CC6B2032EFFF480
:10710000EFAEF9F741FC3D49C91F48710846D0ED83
:10711000091AB0EE611AD0ED081AF0EE610AD0ED4E
:10712000071AB0EE610AA830FBF7D0FD3348C01F44
:1071300090ED080AD0ED090A9FED321A71EE600A4F
:1071400030EE200A80ED300A90ED300A80ED310AF1
:1071500026484068A8EB00002849C91FC1F8E40090
:1071600008460078224908702448C01F40784870BB
:107170002248C01F807888701C480068A8EB000077
:10718000C8600846C068B0F57A7F02D94FF47A70BB
:10719000C8601A48C01F407830B91548C068B0F5BB
:1071A0007A7F01D2012000E0002011498872084650
:1071B000C068B0F57A7F01D3012000E000200C49BF
:1071C000C8720E48C01FD0F8E80048650B48C01FC1
:1071D000D0F8EC0088650948C01F90F8F00081F8ED
:1071E0005C00BDEC028BBDE8F087000004CD0120FF
:1071F000B8C801208CCC012000000000CBC70120C2
:10720000E02E6542000034C32DE9FE4FFEF792FCEC
:107210000446CB48D0E90D12C06BCDE900120290B4
:10722000C7488038C079A8B1C5488038007A88B18D
:10723000C3488038407A68B1C1488038807A48B104
:10724000BF488038C07A28B1BD488038007B08B17B
:10725000012000E000208146B9488038C078E8B1BC
:10726000B74880380079C8B1B5488038007801281F
:1072700014D1B348803840780C280FD1B0488038FA
:10728000807858B9AE488038407938B1B9F1000FEC
:1072900004D0FEF7F1FD08B1012000E00020074610
:1072A000FFF78AFA0646FFF715FB804603F020FF3A
:1072B0008246FBF70BFE0546A248006A00B3A148D0
:1072C00090F82400082826D19F48806CC0B19C48C3
:1072D0008038D0F8EC009C49896C88421BD19848D2
:1072E000803890F8F00002280BD14FB19549002367
:1072F0000322086A0821FBF771FD00209249886487
:1073000009E0904902230422086A0821FBF766FD80
:1073100000208D4988648B48006A70B3894890F8D2
:107320002400012804D0874890F8240002283CD18A
:1073300083488038807840B1824A92F82410022332
:10734000106A0622FBF74AFD2FE0BEB9B5B97F48A7
:107350000078062812D17D4890ED180AF7EE000A51
:10736000B4EEE00AF1EE10FA08DB764A92F8241047
:107370000023106A0322FBF731FD16E07348007802
:107380000E2803D07148007808280EDB6F4A127867
:107390000D2A01D1082200E006221346694A92F81C
:1073A0002410106A0622FBF719FD66480068401C8D
:1073B00064490860084647713EB935B9624890F89B
:1073C000300010B90846006A08B1012000E0002032
:1073D0005C498871084680F807805D4890F8920003
:1073E0000872594890F830004872554880388078C3
:1073F00008615348803890F8F000486108465049C9
:107400008039B1F807204281497A01734C498039AB
:107410004A89A0F80D20097BC1730146484B803B87
:107420001C330DCB38310DC14439454B803BD3E97A
:107430000B205B6BC1E912034A6441488038D0EDF0
:10744000070AB0EE600A6946DFED420AA830FEF78F
:1074500075FB3C489DE80E0050300EC05C383B4B3D
:1074600048330ECB5C300EC06078364981F8680036
:10747000E07981F8690008462189A0F86A10D4E90A
:107480000312C0E91B126169416780302C49D1E9C0
:107490000A23096BC0E9002381609DE80E000C30CF
:1074A0000EC094F85400274981F89800A06DC1F8E7
:1074B0009C00084680F87850FEF736FB214880EDA6
:1074C0001F0A224890ED180A1E4880ED280A8030D5
:1074D0001B49D1E904328969C0E90932C1621849FE
:1074E000D1E90723496AC0E90C2381631448803835
:1074F0000078052802D1134908711FE01048803830
:10750000807818B104200F49087117E0B8F1000F16
:1075100003D003200B49087110E01EB915B90948C2
:10752000006A18B102200749087107E01FB1012065
:107530000449087102E0002002490871BDE8FE8F8D
:1075400044C8012090CB01202CCD0120880E0020C2
:1075500094CA01200000000070B50446124800786B
:10756000012800D100E0002005461DB90E48007832
:10757000022801D1012000E0002005465CB155B190
:10758000094840780C2806D10748807818B9204669
:10759000FCF7F2F808B9002070BD00219FED030A46
:1075A0002046FBF7E3F8F7E7C4C701200000D24309
:1075B0002DE9F041FEF7BEFA05467F48006E461CF5
:1075C00064217D48F9F742F803F092FD0746F9F788
:1075D00097F97949087000204870784800798870D8
:1075E000002425E07548C01D015D7348C01C01558D
:1075F00072480A30015D7048801D01556F481C308B
:1076000000EB840090ED000A6B480C3000EB840026
:1076100080ED000A69483C3000EB840090ED000AE0
:1076200065481C3000EB840080ED000A601CC4B289
:10763000032CD7D3604961488030D0E90A23006B1E
:10764000C1E90A230863012048705C488030D0E912
:107650000D23C06BC1E90D23C863584890ED300A73
:10766000084680ED100A687881F84700E87981F8CB
:1076700048000846D5E90312C0E91312696941655B
:1076800095F854004C4981F85800A86DC865084623
:10769000066680214A48F8F7D9FF484800794849EA
:1076A000087008464549B1F80720A0F80120497A3A
:1076B000C17042494A898280097B81713F4BD3E97D
:1076C00007215B6AC0E9031382603C4B2C330ECB6D
:1076D00014300EC03A4A39488030D0E90A13006BA2
:1076E000C2E9081390623548D0ED2A0A60EEA00A7C
:1076F00090ED2B1AD0ED2B1A41EE210AB0EE600A64
:107700000CF082F92E4880ED0B0A90ED0B0A80ED0B
:107710000C0A2A4890ED2C0ADFED2A0A30EE600AA6
:10772000274880ED0D0A254890ED300A244880ED69
:107730000E0A9FED240A80ED0F0A9FED230A80EDCB
:10774000100A9FED210A80ED110A9FED200A80EDBD
:10775000120A9FED1E0A80ED130A9FED1D0A80EDAF
:10776000140A9FED1C0A80ED150A9FED1B0A80ED9F
:10777000160A9FED1A0A80ED170A9FED190A80ED8F
:10778000180A9FED180A80ED190A9FED100A80ED86
:107790001A0A9FED150A80ED1B0A9FED140A80ED71
:1077A0001C0A74309FED111ADFED0F0A9FED070AD6
:1077B000FBF78CFABDE8F0812CCB0120C4C7012077
:1077C00014CA01200000784200008243000000003B
:1077D0000000B4C20000B44200000C420000344378
:1077E00000003EC300000CC200007042000070C2E6
:1077F00010B568212E48F8F729FF74212D48F8F7B5
:1078000025FF01202C49086000202C4908602C49E4
:1078100008702C4908702C4908702C4908702C49B4
:1078200008702C4908709FED2C0A2C4880ED000A46
:107830009FED290A2A4880ED000A9FED270A294872
:1078400080ED000A9FED240A274880ED000A9FED95
:10785000220A264880ED000A9FED1F0A244880ED89
:10786000000A9FED1D0A234880ED000A9FED1A0AC9
:10787000214880ED000A9FED180A204880ED000A9B
:1078800000201F4908701F4908701F4908701F49D0
:1078900008601F4908701F4908701F4908601F4988
:1078A00008701F4908700021084601F015F910BD45
:1078B0008CCD0120F4CD0120F4C10120F8C10120BC
:1078C000FCC10120FDC10120FEC10120FFC101203A
:1078D00000C2012001C201200000000004C20120FA
:1078E00008C201200CC2012010C2012014C20120D4
:1078F00018C201201CC2012020C2012024C2012084
:1079000028C2012029C201202AC201202CC2012044
:1079100030C2012031C2012034C2012002C2012044
:1079200003C20120F0B5AFB0044603F0E1FB064608
:107930000CB92FB0F0BD00205949087059490870A2
:107940000420594988702068584988616068C86176
:10795000A06808620846C07810B95548007820B180
:107960000321042001F052F8E3E7A06801EE100AB9
:10797000606800EE900A206800EE100A00F0B6FF82
:1079800098B1A06800EE100ADFED4A0AB4EEE00AF2
:10799000F1EE10FA09D3A06800EE100ADFED460AF6
:1079A000B4EEE00AF1EE10FA04DD0421084601F01D
:1079B0002DF8BEE76846FBF7FBF920B90321042048
:1079C00001F024F8B5E7684600F0AEFF20B90321C6
:1079D000042001F01BF8ACE7002038490870334957
:1079E000C8713146012001F099F8206834490860D7
:1079F000606834490860A06833490860A06833496A
:107A00000860A06800EE100AB5EEC00AF1EE10FAA8
:107A100007DDA06800EE100AF7EE000A20EE200A4B
:107A200006E0A06800EE100AF7EE000A20EE200A39
:107A3000DFED270A30EE200A1C4880ED0A0AA06814
:107A400000EE100A01F09EF9184988810120C872E1
:107A50009DF8690008B1012000E002201D4908706E
:107A600008460078114908721A480078012803D1A5
:107A7000684601F005F901E001F0DCF8054625B99A
:107A80003146012001F028F808E0284600F0C6FE43
:107A9000074632460021384600F07AFF00BF48E72B
:107AA000FEC10120FFC10120F4CD01208CCD0120B9
:107AB000FDC101200000DCC20000DC4203C2012045
:107AC0001CC2012020C2012024C2012018C20120B2
:107AD0000000B44228C20120F0B52DED028BBBB0EE
:107AE000044603F005FB06461CB93BB0BDEC028B17
:107AF000F0BD0120D24988702078C8706078087184
:107B00006078032869D12078CE4908700020CE49DA
:107B10000870CE490870CE4908714871C94800788C
:107B20008871CC48007858B1CB48007840B9002023
:107B3000FEF714FB0321C348007800F05BFFD4E795
:107B4000C5480078072800D1CFE70CA8FBF730F92B
:107B500008B1109828B10221BA48007800F04AFF15
:107B6000C3E70020BB490870B949C87100F066FD41
:107B7000072000F0A7FF9DF8360010B9B448C07880
:107B8000A8B100F0EFFF054625B93146092000F005
:107B9000A3FF0BE00221AB48007800F02BFF002090
:107BA00000F090FF3146002000F096FF9DE701F0C5
:107BB00029F8054625B931460A2000F08DFF0BE073
:107BC0000221A048007800F015FF002000F07AFFA5
:107BD0003146002000F080FF87E76078022834D12A
:107BE0000CA8FBF7E5F808B1109820B12078022125
:107BF00000F000FF79E7002093490870934908706E
:107C00009DF83600B8B130216846F8F71FFD00F046
:107C1000AFFE009006208DF804006846FDF74AFC90
:107C200020B12078022100F0E5FE5EE731460B200E
:107C300000F052FF59E700F001FD002000F042FF84
:107C40003146002000F048FF4FE7607838BB2078CD
:107C500020B32078042821D820788049087008466D
:107C600000787B49887000207849087001207649A7
:107C70000870764800787649487173480078087132
:107C80007548007838B174480078052803D07248E8
:107C90000078062802D1062000F014FF25E760785E
:107CA000012800D021E720786C4908700846007848
:107CB0006749887000206449087064490870664804
:107CC000007860B164480078052808D062480078E0
:107CD000062804D02078022100F08CFE05E72078E9
:107CE00070B1207804280BD800205A4908705849F0
:107CF000C871052000F0E6FE002000F0E3FEF4E687
:107D00000CA8FBF755F820B92078022100F072FE8C
:107D1000EBE60CA800F008FE20B92078022100F064
:107D200069FEE2E600204B4908704949C8719DEDA3
:107D30002F0A4B4880ED000A9DED300A494880ED3E
:107D4000000A207800BB3146022000F0E7FE9FEDDC
:107D5000462A0120DFED451A9FED451ADFED420A64
:107D60009FED440A00F0B4FF054625B931460820CE
:107D700000F0B2FE61E0284600F050FD07463246B2
:107D8000002100F005FE58E02078052829D1314671
:107D9000032000F0C3FE324890ED000A00F0D0FD51
:107DA000B0EE408A9FED302A0020DFED331AB0EEAE
:107DB000481A2C49D1ED000A294991ED000A00F03A
:107DC00087FF054625B93146022000F085FE34E0E4
:107DD000284600F023FD07463246012100F0D8FD79
:107DE0002BE02078062828D13146042000F096FEAA
:107DF0001B4890ED000A00F0A3FDB0EE408A9FED15
:107E00001A2A0020DFED1C1AB0EE481A1549D1EDF0
:107E1000000A134991ED000A00F05AFF054625B902
:107E20003146052000F058FE07E0284600F0F6FC39
:107E300007463246002100F0ABFD00BF55E60000CA
:107E4000F4CD012002C2012000C2012001C20120A4
:107E50008CCD012003C20120FDC10120FCC1012005
:107E600004C2012008C201200000000000004843B5
:107E70000000B44200004D430000C84238B504463B
:107E80000CB1042C01D9002038BD8DF80040012030
:107E90008DF8010068460CF08FFB08B10120F3E774
:107EA0000020F1E72DE9F0412DED028BB0B0054641
:107EB0000CF020FB04460CF059FAF94948700CF01C
:107EC0002BFBF7490870E0698864206AC864A06ADF
:107ED0000865F44800684865F34800688865F34819
:107EE000007881F85C00F148807881F85D00EF4807
:107EF000C07881F85E00ED4840690866EB4880690B
:107F00004866EB4800680864EA4800780871EA4867
:107F100000784871E94800788871E9480078C871AC
:107F20000120E8490870DE4840784870207BC8701E
:107F3000607B087194ED040A084680ED020A94ED16
:107F4000050A80ED030A94ED060A80ED040ADE4876
:107F500000780875DD4800784875D148C078887584
:107F6000CF4890F83D00C875CD4890F83E0008769F
:107F7000D74890ED000A084680ED070AD54890EDF5
:107F8000000A084680ED080AD34890ED000A08462A
:107F900080ED090AD14890ED000A084680ED0A0AF2
:107FA0000564E0694864206A8864BD49A06A096D77
:107FB0000844C449C864E06B0865206C4865206DBE
:107FC0008865E06CC865B74800680866B648006810
:107FD0004866B648007881F86800B448807881F82F
:107FE0006900B248C07881F86A00B0484069C86644
:107FF000AE488069086701A8FAF7DAFE20B930B008
:10800000BDEC028BBDE8F08101A800F035FC0598BD
:1080100028B3A348C07810B3A148C0780B281ED05D
:10802000AA480078072811D10221A448007800F05E
:10803000E1FC0120A049087000F000FB002000F0E6
:1080400041FD2946002000F047FDD8E701A800F0D7
:10805000FEFB07460022114600F098FBCFE7904850
:10806000C0780C2876D2DFE800F0FD06FCFBFAF9B8
:10807000F8F75F8BBEF601A800F0FEFA80B39848CF
:108080000078012814D100F0D5FD06463EB9022043
:1080900093490870084600788149087243E03046E9
:1080A00000F0BCFB07462A46002100F071FC3AE0D4
:1080B0008C48007810B98C48007800B18DE200201F
:1080C0007749C872BDF87A00888100208449087019
:1080D0000846007872490872284600F015FB22E035
:1080E000FFE701A800F0F0FA48B19DF8320000F077
:1080F00095FB07462A46002100F04AFC13E001A840
:1081000000F0CCFA78B101A800F0F0FA07469DF82B
:10811000320000F083FB80463A46002100F036FB37
:1081200001206549087058E201A800F0A5FA18B1CD
:10813000284600F0E9FA22E001A800F0C5FA50B1A3
:108140009DF8320000F06AFB07462A46002100F045
:108150001FFC14E026E201A800F0A0FA78B101A803
:1081600000F0C4FA07469DF8320000F057FB804645
:108170003A46002100F00AFB01204F4908702CE22A
:1081800001A800F079FAB8B100F03CFD064626B926
:1081900029460A2000F0A0FC24E00221474800788C
:1081A00000F028FC00F04AFA002000F08BFC294681
:1081B000002000F091FC15E001A800F085FA18B944
:1081C00001A800F06BFA68B102213C48007800F089
:1081D00011FC00F033FA002000F074FC2946002066
:1081E00000F07AFCF9E101A800F046FA10B3002093
:1081F000FDF7B4FF03213148007800F0FBFB0020BD
:10820000314908702B4908702B49087001202C490E
:108210000870002022498870087148710120C871D7
:1082200000F00CFA002000F04DFC2946002000F080
:1082300053FC21E001A800F047FA18B901A800F0AA
:108240002DFAC8B102211D48007800F0D3FB0120AF
:108250001949087007E098E12FE1E6E0C0E09BE0F3
:1082600057E00AE09FE100F0E9F9002000F02AFC65
:108270002946002000F030FCAFE101A800F0FCF935
:1082800020B12946032000F027FC41E001A800F0BE
:108290001BFA58B32A460121084600F079FB37E063
:1082A0008CCD0120CCC10120D0C10120B40400201C
:1082B00038C2012000C2012001C2012002C20120F7
:1082C00003C20120F4CD0120FCC10120FDC1012029
:1082D0000CC2012010C2012014C2012018C20120CA
:1082E00028C2012029C201202AC20120FFE701A8DB
:1082F00000F0D4F960B101A800F0F8F907469DF844
:10830000320000F08BFA80463A46012100F03EFA36
:1083100063E1B3480068281AB24948640846406CD3
:10832000B0F5FA7F00D258E1AF48007840B99DF827
:108330006D0028B90120FDF711FF0120AA4908703E
:10834000A7480068281AB0F57A7F24D3A74890ED93
:10835000000A00F005FAB0EE408A9FEDA52A002041
:10836000DFEDA41AB0EE481AA349D1ED000A9F49E7
:1083700091ED000A00F0ACFC064626B9294604201F
:1083800000F0AAFB07E0304600F048FA07462A460C
:10839000012100F0FDFA20E101A800F06DF918B10B
:1083A000284600F0B1F91AE001A800F08DF928B1D3
:1083B0002A460121084600F0EBFA10E001A800F07F
:1083C0006DF960B101A800F091F907469DF83200FF
:1083D00000F024FA80463A46012100F0D7F9FCE08B
:1083E00001A800F049F920B12946062000F074FBED
:1083F0001AE001A800F068F928B12A4600210120FE
:1084000000F0C6FA10E001A800F048F960B101A838
:1084100000F06CF907469DF8320000F0FFF9804645
:108420003A46002100F0B2F9D7E06D480068281AFA
:108430006C4948646C48007898B90846406CB0F5BF
:10844000FA7F00D2C9E00020FDF788FE01206649CE
:10845000087063480560634805640020614948640A
:10846000BBE05F480068281AB0F5FA7F24D35F4864
:1084700090ED000A00F074F9B0EE408A9FED5C2A9E
:108480000020DFED5C1AB0EE481A5B49D1ED000A1E
:10849000564991ED000A00F01BFC064626B9294614
:1084A000072000F019FB07E0304600F0B7F9074657
:1084B0002A46002100F06CFA8FE050480078A8BBF3
:1084C00001A800F0D9F8A8B100F06AFB0646012E19
:1084D00000D182E046B1304600F0A0F907462A46B6
:1084E000002100F055FA78E0012044490870444822
:1084F000056072E001A800F0E7F828B12A460021E3
:10850000012000F045FA3FE001A800F0C7F8F8B1FB
:1085100001A800F0EBF807469DF8320000F07EF964
:1085200080463A46002100F031F92DE0FFE701A82E
:1085300000F0A2F868B132480068281AB0F5167F3A
:1085400000D24AE000202749C872284600F0DCF833
:108550001AE001A800F0B8F828B12A46002101204D
:1085600000F016FA10E001A800F098F860B101A838
:1085700000F0BCF807469DF8320000F04FF9804645
:108580003A46002100F002F927E09DF80A0040B9C0
:1085900000201C49086000F095FA2946002000F0F0
:1085A0009BFA1AE000BF18480078A8B19DF80A00AD
:1085B00090B9059880B91548007868B9002012492B
:1085C00008700846007807490871002000F07AFA20
:1085D00040F6B83000F0A4FC00BF00BF00BF0EE5BD
:1085E00038C201208CCD012030C2012004C20120FC
:1085F000000000000000C84208C2012031C2012072
:1086000034C20120F8C1012000C2012001C20120B2
:1086100009480078022801D10020704706480078F8
:10862000032801D10520F8E703480078042801D188
:108630000620F2E7FF20F0E7FDC1012000200849F5
:108640000870084908700849087008490860084916
:108650000860084908724872887208617047000013
:1086600028C2012029C201202AC201202CC20120D7
:10867000F8C101208CCD0120014651B1064A886A1B
:108680001268904205D191F82D00032801D10120F4
:1086900070470020FCE70000F8C10120014671B1DD
:1086A000084A886A1268904209D191F82D0005287D
:1086B00003D091F82D00062801D101207047002039
:1086C000FCE70000F8C10120014651B1064A886A62
:1086D0001268904205D191F82D00042801D10120A3
:1086E00070470020FCE70000F8C1012010B50446E7
:1086F0002046FFF7D3FF28B194F82E00082801D1B7
:10870000012010BD0020FCE770B505461148047833
:10871000FFF794FF012C04D10021032000F076F92B
:108720000BE0022C03D0032C01D0042C05D1FFF761
:108730006FFF0646002100F05DF900200649087031
:108740000649086000F0BEF92946002000F0C4F98F
:1087500070BD0000FDC1012001C20120F8C101204F
:1087600010B52DED028BB0EE408AB0EE480A00F055
:1087700073FBF0EE408A9FED040AF2EE0D0A08EE5C
:10878000A00ABDEC028B10BDCDCC14422DE9F04304
:108790008DB005460E4614461E480778FFF738FF91
:1087A0008046FFF74BFF16B10020FDF7D7FC64B9F8
:1087B000302101A8F7F74AFF00F0DAF8019006200F
:1087C0008DF8080001A8FCF775FE012F04D1294699
:1087D000042000F01BF903E00221404600F00AF9F2
:1087E00001200D49087054B1002000F06BF902F02F
:1087F0007FFC81464946002000F06EF906E002F059
:1088000077FC814649460B2000F066F90DB0BDE8C3
:10881000F0830000FDC1012001C2012001460929A9
:1088200012D2DFE801F0120B0C07080D05090F004A
:108830000120704700BF00BF0420FAE700BF00BF5F
:108840000320F6E70320F4E700BF0020F1E701462C
:1088500009B90320704708690B2801D10720F9E7FF
:10886000086908B10320F5E7D1F89C0008B103209E
:10887000F0E70020EEE7000000B9704790ED1F0A16
:10888000D0ED230A1749C1ED0B0AD0ED240AC1ED42
:108890000C0AD0ED250AC1ED0D0A81ED0E0AD0EDCE
:1088A0001C0AC1ED0A0A7621095A0E4A918190F8F4
:1088B000691082F83C10D0ED230A0B49C1ED0B0A78
:1088C000D0ED240AC1ED0C0AD0ED250AC1ED0D0A48
:1088D00081ED0E0A90F86910034A82F83C1000BF3F
:1088E000CBE700008CCD0120F4CD012010B52DED9B
:1088F000048BB0EE408AF0EE608AB0EE419A18EE3A
:10890000100A0AF085FC68B118EE900A0AF080FCA3
:1089100040B119EE100A0AF07BFC18B10120BDEC41
:10892000048B10BD0020FAE7014639B1487928B11F
:10893000887918B9086908B9012070470020FCE758
:1089400010B52DED028BB0EE408AB0EE480A00F073
:1089500083FAF0EE408ADFED040A9FED040A08EE88
:10896000A00ABDEC028B10BD80CC4C3ECDCCAC41FE
:108970000648006810B901200449086003480068EF
:1089800002490968491C014A11607047F4C101207D
:108990002DE9F04105460E46174614480478FFF7C6
:1089A00037FE804616B10020FDF7D8FB012C04D11C
:1089B0002946042000F02AF809E0022C03D0032CF9
:1089C00001D0042C03D10221404600F013F801200D
:1089D00007490870FFF732FE002000F073F83946AF
:1089E000002000F079F8BDE8F0810000FDC1012011
:1089F00001C2012038B505460C468DF800508DF8AF
:108A0000014068460BF0D8FD38BD000030B5B3B06A
:108A100004460D4600202F903090319032908DF812
:108A2000BC408DF8BD506846FAF7C2F958B16846A7
:108A3000FFF722FF2398CDF8BE002498CDF8C2009E
:108A40001F98CDF8C6000B480078844203D10A482D
:108A50000078854206D02FA80BF0F8FD0548047079
:108A600005480570054880F83D4080F83E5033B019
:108A700030BD0000FEC10120FFC101208CCD0120CE
:108A80009FED010A7047000000007A4410B52DEDFB
:108A9000028B9FED0A0AF0EEC00AB0EE608A9FEDED
:108AA000080AF0EEC00AF0EE608AF0EE480AB0EE76
:108AB000680A0AF099FEBDEC028B10BD0000DC4292
:108AC0000000DCC2024908700978024A117570473B
:108AD000FDC101208CCD01200B4AD0700B4A1160E2
:108AE000094A11640022084B5A64032801D0062861
:108AF00002D10022064B1A70072804D10022054B30
:108B00001A70054B1A6070478CCD012038C20120C5
:108B100030C2012031C2012034C2012070B50446A8
:108B20000D462046FFF7CEFF00200C4908700C4987
:108B30000870012C0CD100210120FFF767FF0021F4
:108B40000220FFF763FF29460120FFF7C5FF03E07E
:108B500029460020FFF7C0FF70BD0000FEC10120C4
:108B6000FFC1012000B58DB0302101A8F7F76EFDDF
:108B7000FFF7FEFE084908600846006801900620DD
:108B80008DF80800084600680449086101A8FCF750
:108B900091FC0DB000BD0000F8C101208CCD01207A
:108BA00000B58DB0302101A8F7F750FDFFF7E0FECA
:108BB0001049086008460068019004208DF80800FC
:108BC00005208DF80C009FED0C0A8DED050A084676
:108BD00000680A4908619FED0A0A084680ED0A0A02
:108BE0004FF4FA7088810120C87201A8FCF762FC7A
:108BF0000DB000BDF8C10120000000008CCD0120A7
:108C00000000B44210B59FED072A0120DFED061ADF
:108C10009FED061ADFED030A9FED050A00F058F8F4
:108C200010BD000000000000000048430000B442F6
:108C300000004D4310B52DED028B0D4890ED000A5C
:108C4000FFF78EFDB0EE408A0A4890ED002A012021
:108C5000DFED091AB0EE481A0849D1ED000A0449BF
:108C600091ED000A00F034F8BDEC028B10BD00005D
:108C70001CC2012024C2012000002F4420C2012078
:108C800010B52DED028B04461CB90320BDEC028B00
:108C900010BDD4ED230AB0EE600AFFF761FDB0EE1F
:108CA000408A94ED241AF0EE410A94ED231AB0EEB6
:108CB000410A9FED052A0020DFED041AB0EE481AA4
:108CC00000F006F8E2E70000000000000000C842E3
:108CD00010B52DED068B8CB0F0EE408AB0EE609AA8
:108CE000B0EE418AB0EE61AA0446F0EE429A30211D
:108CF0006846F7F7ABFC1D48C0ED008A1C4880EDC4
:108D0000009A1C4880ED008A14B11B48C0ED009AFF
:108D1000FFF72EFE194908600846006800900220FF
:108D20008DF8040001208DF8080001218DF809104C
:108D3000CDED038A8DED049A8DED058A8DED06AAA1
:108D400000218DF81C108DF82440CDED0A9A0B48B7
:108D500000680B490861084680ED098A6846FCF7FF
:108D6000A9FB0CB0BDEC068B10BD00000CC20120AD
:108D700010C2012014C2012018C20120F8C1012034
:108D80008CCD012010B52DED048BB0EE408AFFF79D
:108D90007DFEF0EE409AFFF773FEB0EE409A18EEBB
:108DA000100A0AF035FA68B19FED260AF4EEC09A6F
:108DB000F1EE10FA06D99FED230AB4EEC09AF1EE57
:108DC00010FA04D84FF4FA70BDEC048B10BDB5EE68
:108DD000C08AF1EE10FA04DDB7EE000A28EE000AB0
:108DE00003E0B7EE000A28EE000AF7EE000A20EED4
:108DF000200A20EE090A9FED141AC0EE010A9FED29
:108E0000130A70EE808AF5EEC08AF1EE10FA03D2F2
:108E10009FED0F0AF0EE408A9FED0E0AF4EEC08A35
:108E2000F1EE10FA03DD9FED0B0AF0EE408AB6EE8C
:108E3000000A38EE800ABCEEC00A10EE100A80B2BA
:108E4000C2E70000BD378635000087430000FA43C3
:108E50000000000000007A4410B52DED048BB0EE48
:108E6000408A9FED1A0AB0EE409A18EE100A0AF0F6
:108E7000CFF930B19FED160AB4EEC09AF1EE10FAB8
:108E800004D89FED140ABDEC048B10BDF0EE488AA7
:108E90009FED110AF4EEC08AF1EE10FA04D29FEDB4
:108EA0000E0AF0EE408A0AE09FED0C0AF4EEC08A4A
:108EB000F1EE10FA03DD9FED090AF0EE408A9FED16
:108EC000060A78EEC00A80EE890ADCE70000524309
:108ED000BD37863500000000000070430000E1430C
:108EE000044800210160416040F2DC5001494880A3
:108EF000012070477400002000BFFEE710B5182164
:108F00000548F7F7A3FB002004490968C863082156
:108F1000024804F011FB10BD700E002048C401206F
:108F200010B504461CB900F02DF8012010BD7D20BD
:108F300012490968C8630821104804F077FA60B143
:108F400000200E490968C8630D490870487008463A
:108F50004069401C48610020E8E70120084908708A
:108F600048700846846002F0C3F805494860084626
:108F7000C068401CC8600120D8E7000048C4012038
:108F8000700E002010B50948007820B1074800692C
:108F9000401C06490861002004490870044909681A
:108FA000C8630821024804F0C7FA10BD700E002003
:108FB00048C4012010B504460648007840B1054871
:108FC0004068201A03498968884201D3FFF7DAFF15
:108FD00010BD0000700E002010B5024801F036FAF6
:108FE00010BD000098C2012010B5024801F02EFA11
:108FF00010BD000098C2012010B5024801F026FA09
:1090000010BD0000C0C2012010B5024801F01EFAD8
:1090100010BD0000C0C2012010B58AB00446012076
:10902000069000200790207F00F0010080F00100F2
:1090300004900E200990606B4001019020680D495A
:10904000884207D10C4800780B490978491C0A4A24
:10905000117006E00948007808490978491C074A58
:1090600011700590012008902068694601F064F8AD
:109070000AB010BD98C2012015C0012016C0012001
:109080007CB505460E463AE06B46214A31462846F5
:1090900001F0F7F800242EE01E4850F82400006884
:1090A000A84227D11A4800681A4951F82410496B80
:1090B00088421FD1174850F82400D0F83900C0B1B9
:1090C0001348007C134951F8241081F838001049E6
:1090D0000A69104951F8241001F12C006946F7F78C
:1090E00014FA0C4A52F8240052F82420D2F839100D
:1090F00088477CBD641C084800788442CCD3314644
:10910000284601F0AAF80028BED100BFF1E7000010
:1091100020040020E003002014C0012070B50546A3
:109120002548007808B900F04BF82348007810284B
:1091300001DB002070BD002111E0204850F8210023
:1091400000682A68904208D11C4850F82100406B02
:10915000AA68904201D10020ECE7481CC1B2164831
:1091600000788142E9DB4120F7F702F9044641210A
:109170002046F7F749FA686860600021E1602161E4
:1091800008216161286820606868E061A868606300
:10919000E868C4F839002869C4F83D002046FFF7A4
:1091A0003BFF054801780078401C034A10700348D3
:1091B00040F821402046BDE714C00120E003002014
:1091C00010B50B4801F0F5FB0221094800F0FAFE4A
:1091D0001021074800F0F6FE064801F0EAFB0221E4
:1091E000044800F0EFFE1021024800F0EBFE10BD35
:1091F00098C20120C0C20120082900DC01B97047D3
:10920000416100BFFBE7000010B52DED028B044665
:10921000B0EE408A00F0CCFDF0EE408A11E000F0A4
:10922000C7FD30EE680AB4EEC80AF1EE10FA08DDA8
:1092300012480068401C114908600020BDEC028BF8
:1092400010BD206801F0E7F80028E8D000F0B0FD7C
:1092500030EE680A0A4880ED000A206804F1200315
:109260001A1D211D00F0C3FE30B104480068401CE7
:10927000024908600020E1E70120DFE718C0012073
:109280001CC001200346042B15D007DC7BB1012B49
:109290000ED0022B0DD0032B12D10BE0202B0BD0C4
:1092A000212B0AD0222B09D0232B09D107E008E07B
:1092B00007E006E005E004E003E002E001E000E092
:1092C00000BF00BF0020704710B508F05DFC002013
:1092D00010BD000010B508F057FC002204490548F5
:1092E00007F0B5F90449034807F0A2F9002010BDC2
:1092F000E481002068CE0120E479002070B50446A6
:109300000D462046296809F047FB2146034807F02F
:109310008FF9024807F058F9002070BD68CE01208F
:109320002DE9F04105460E4617460024284609F06F
:10933000C5FC2046BDE8F0812DE9F04104460D460C
:1093400000260A48D0F8BC72D7F8140210B10120E8
:10935000BDE8F0812A462146044807F078F9034821
:1093600007F028FA06463046F2E7000068CE0120F2
:1093700000BF0AF027FC01200AF0B8FFF9E700005F
:109380002DE9F05F2DED028B4FF0000ABDE06D4836
:1093900050F82A6006F11C0506F12804374694EDC2
:1093A0005E0AB0EE408A2879012803D1B1EE480A5E
:1093B000B0EE408AA87800F04000D8B12888402854
:1093C00018D1A879012807D1206828B1206890ED2C
:1093D000000AF0EE408A03E097ED040AF0EE408ABE
:1093E000F0EE480AB0EE680A04F5807005F0CCFF94
:1093F000B0EE408AA87800F0080048B3287800F062
:10940000480028B3287A00F00A0040B1A06830B1C3
:10941000A06890ED000A30EE080AB0EE408AE879C4
:10942000012807D1606828B1606890ED000AF0EE6D
:10943000408A03E097ED020AF0EE408AF0EE480A17
:10944000B0EE680A04F1880005F09EFFB0EE408A95
:10945000287A00F0010040B1E06830B1E06890ED9A
:10946000000A30EE080AB0EE408AA87800F0010049
:1094700078B1B7F90C0000EE900AF8EEE00AB0EE11
:10948000600AF0EE480A04F1100005F07DFFB0EE2E
:10949000408A6879012805D1BFEE000A28EE000A4B
:1094A000B0EE408ABDEEC80A10EE100A0FFA80FB3B
:1094B00096F8AC8196F8AD91CBF3072108EB8810B4
:1094C000214A1044243000F8191008EB8810114686
:1094D000084424304FEA4901491C00F801B096F8CD
:1094E000AF0180B9002108EB88101044243000F847
:1094F0001910002208EB88101349084424304FEA61
:109500004901491C42540AF1010A10480078824579
:10951000FFF43DAF4FF0000A0DE00D4810F80A00CF
:1095200038B10AEB8A11084A8818B7EE000AFFF72B
:109530006BFE0AF1010ABAF1060FEED3BDEC028B05
:10954000BDE8F09F780400202DC001202CC0012030
:10955000B3C1012010B5024801F0CEFA10BD0000E1
:1095600010C6012010B5024801F0C6FA10BD000077
:1095700040C3012010B5024801F0BEFA10BD000042
:10958000B0C5012010B5024801F0B6FA10BD0000C8
:10959000A0C301200146087810381823B0FBF3F26D
:1095A0000848805CC865032A05D908686FF309007C
:1095B000001D886503E008686FF309008865886D01
:1095C00070470000D05F0108014600208A6A8B695D
:1095D000CBB932B1012A0DD0022A03D0032A10D10F
:1095E0000EE000BFCB6A03F08073B3F1807F00D13F
:1095F000012007E0CB6AB3F1C07F00D1012001E078
:1096000000E000BF34E08B69B3F5005F1AD132B1DE
:10961000012A07D0022A03D0032A11D10AE000BF91
:1096200001200EE0CB6A03F08073B3F1807F00D19C
:10963000012006E0CB6AB3F1C07F00D1012000E039
:1096400000BF15E032B1012A05D0022A04D0032A56
:109650000CD103E000BF00BF012008E0CB6A03F09B
:109660008073B3F1807F00D1012000E000BF00BF14
:10967000704730B50468246824F4802405682C60A1
:10968000046863608468402C04D10468A2600468A4
:10969000E16003E00468A1600468E26030BD10B5D9
:1096A00004460CB9002010BDFB21204600F07FFAD3
:1096B000F9E7000030B502460C460AB1106820B93F
:1096C000012028490870002030BD2748007805286F
:1096D00004D30220234908700020F5E7908840B1A8
:1096E00090880F2805D8D08818B1D088B0F5006FC1
:1096F00004D303201B4908700020E5E7107A0628F0
:1097000007D0107A072804D00120164908700020DD
:10971000DAE7507A022804D00420124908700020A9
:10972000D2E7002318E0114850F8231091B1886A5D
:1097300080B1886A00681568A8420BD1888EA04263
:1097400003D0488ED588A84204D10520054D287045
:109750000020B9E7581CC3B2034800788342E2DB1B
:109760000120B1E7C5C10120BCC10120B8C601205C
:109770002DE9FC4105462F480068281A022801D22D
:10978000BDE8FC812B48056000263EE02A480078B1
:1097900030442A49097890FBF1F201FB1200C7B26C
:1097A000274850F827400CB1A06A00B92BE0207E72
:1097B00058B12946204600F0C9F930B90120453496
:1097C0002071E070002004F8450994F8450038B194
:1097D00094F8440020B1207E10B194F8480000B104
:1097E00011E094ED0F0A8DED010A94ED100A8DED54
:1097F000000AA06A01994162A06A0099816220462C
:1098000000F04AFA00BF701CC6B20C4800788642CD
:10981000BCDB0A48007850B107480078401C074973
:109820000978B0FBF1F201FB12000349087000BF98
:10983000A6E70000C0C10120C4C10120BCC10120B5
:10984000B8C601202DE9F05F054615B1D5F83D00F9
:1098500008B9BDE8F09FD5F83D4095F838000828D4
:1098600003D0206A401C2062F3E795F82C0000F03A
:109870000F0694F83000B04203D0206A401C2062EA
:10988000E7E72E20415D2D20405D41EA00292F2091
:10989000405D01013020405D41EA201A3120415DE8
:1098A0003020405D00F00F0041EA002B95F82C00BD
:1098B0000709E06900F10108267067701021F2EED7
:1098C000090ABAEE090A484600F00EFA84ED010AC8
:1098D0000C21F3EE0E0ABBEE0E0A504600F004FA1D
:1098E00084ED020A0C21F2EE040ABAEE040A58468C
:1098F00000F0FAF984ED030A3220405D00EE100A10
:10990000B8EE400A84ED040A3320405D00EE100AF0
:10991000B8EE400A84ED050A01F0EAFB6062C4F883
:109920001C8001202076002084F8490094F846002D
:1099300090B1E06D40450FD2012F0DD1002044348D
:10994000A0700120E07014F8440928B194F8480090
:1099500010B9012084F84500E06A10B1E06A00F017
:10996000EFFA00BF75E770B504460CB9002070BD72
:109970000020443460702070A070E070443CFD21F1
:10998000204600F014F905462846F0E770B5044675
:1099900024B1A06A10B194F8480008B1002070BD4D
:1099A000002084F8450084F84700012084F8460030
:1099B000E069E065FC21204600F0F9F8054615B99C
:1099C000002084F846002846E9E770B504463CB11B
:1099D000A06A28B194F8440010B194F8480008B186
:1099E000002070BD002004F8450F6070A070453C59
:1099F000FC21204600F0DBF8054625B1012084F863
:109A0000470084F845002846EBE7014619B1087E77
:109A100008B1012070470020FCE7014609B1087E2B
:109A200008B900207047487820B14878012801D053
:109A30000120F7E70020F5E710B504464CB1207E81
:109A400038B194ED010A10EE101A084609F0B3FB84
:109A500008B9002010BD94ED010A84ED0F0A9FEDB6
:109A6000090A84ED100A012084F8440094F84700A4
:109A700028B194F8480010B9012084F8450001206D
:109A8000E8E700000AD7233C70B586B0054625B14B
:109A9000A88800F5807080B200E0002006463146BC
:109AA0002846FFF707FE10B9002006B070BD6420FD
:109AB000F6F75EFC044624B9062020490870002011
:109AC000F3E764212046F6F7C1FDA88824F8300F9B
:109AD000E8886080A680287AA071687AE071A87A08
:109AE0002072303C142101A8F6F7B0FD28680190DF
:109AF0000296E888039012480490059401A8FFF7A5
:109B00000DFBA062A06A38B92046F6F760FC07207A
:109B10000A4908700020C8E70821A06AFFF76CFB1B
:109B2000084801780078401C064A1070064840F842
:109B300021400020014908702046B6E7C5C1012038
:109B400045980008BCC10120B8C6012000B50246F6
:109B50000B461046FFF759FF28B1506A181A6428BF
:109B600001D8012000BD0020FCE7014659B1087E64
:109B700048B191F8460030B991F8470018B14878DB
:109B8000012800D170470020FCE700B97047002190
:109B90002C30017741778177816241760176817639
:109BA000C176016300F8141C2C3800BFEEE72DE9E4
:109BB000F04104460D460CB1A06A10B90020BDE882
:109BC000F081A16A01F12400FF220721F6F714FDBC
:109BD000A06A80F82B50A06A4668A06AC769208EE8
:109BE000A16A4860208EA16AC861208EA4F8600036
:109BF000A06D401CA065204600F04EF88046A06A8B
:109C00004660A06AC7614046D9E710B52DED028BCA
:109C10000446B0EE408AF0EE608A3CB394F8370018
:109C2000022823D118EE100A09F0C5FAF0B118EE97
:109C3000900A09F0C0FAC8B1BAEE090AB4EEC08AB7
:109C4000F1EE10FA12D3B2EE090AB4EEC08AF1EEC8
:109C500010FA0BDCF5EEC08AF1EE10FA06D9B3EE7D
:109C60000E0AF4EEC08AF1EE10FA03DD0020BDEC1E
:109C7000028B10BD84ED0F8AC4ED108A012084F898
:109C8000440094F8470028B194F8480010B9012026
:109C900084F845000120EAE770B504460CB1A06ADB
:109CA00008B9002070BD9FED0F0AA06AFFF7ACFA5B
:109CB000054635B1E06C401CE06400206065012081
:109CC000F0E7206D401C2065606D401C6065606D94
:109CD000052804D3012084F84A0084F848000020B5
:109CE000E0E70000CDCCCC3DB0EE401A30EEC10A2A
:109CF000B0EE402A01228A40521E01EE902A00EE68
:109D0000100AB8EE400A20EE020AB8EE613AC0EE40
:109D1000032A32EE810A704708B50E480078B8B9B8
:109D200001200C4908700C48406800900B490098CD
:109D30000968884204D20A480068401C0849086043
:109D4000054840680549086000200249087000BFC6
:109D500008BD000038000020001000E028000020AE
:109D60002400002010B52DED028B82B004460E4871
:109D70004068019020680199081A00EE100AF8EE78
:109D8000400A0A4890ED000AB8EE400A80EE801AB8
:109D9000B0EE418A01982060FFF7BEFFB0EE480A9E
:109DA00002B0BDEC028B10BD001000E018000020D6
:109DB00010B52DED028B00F05BF80F4880880E493E
:109DC000096801EB4102C2EBC11100EBC10000EEDA
:109DD000100AB8EE400A0848C08800EE900AF8EE73
:109DE000600A9FED061A00EE810AB0EE408AB0EEDE
:109DF000480ABDEC028B10BD100000206F12833AA0
:109E000010B504461348006840F08070114908609E
:109E10000020114948600846006840F001000860D1
:109E20000E4860430E490860084600684FF47A7196
:109E3000B0FBF1F00B490860094800680749B0FB26
:109E4000F1F009490860002008490860FFF764FF45
:109E500010BD0000FCED00E0001000E040420F00EB
:109E6000180000201C0000202000002024000020FA
:109E700038B5294840680090FFF74EFF2748006832
:109E80004FF0FF31A0FB01310098181841F100019B
:109E9000234A03C2234800232149026803C9F6F775
:109EA000BDFA214A03C220480CC81E48006800249D
:109EB000A2FB001503FB005002FB04021848D0E986
:109EC0000030591A60EB0200184AC2E90010164827
:109ED000006817490860174800231449026803C93D
:109EE000F6F79CFA1249888008468088114909686B
:109EF00041430E48D0E90030591A60F100000E4A83
:109F0000C2E900100D4800230B49026803C9F6F7A7
:109F100085FA0749C88038BD001000E02400002001
:109F200030000020180000204000002048000020E1
:109F3000100000201C000020500000202000002005
:109F4000018801817047000070B5002510E00B48C2
:109F500050F825402089002803DD2089401E2081FB
:109F600004E0606810B16168E0688847681CC5B2A9
:109F7000034800788542EADB70BD0000CCC60120B2
:109F800058000020704772B600BFFEE7704700001F
:109F900070B50A480468001D0568001D0668344451
:109FA00054B108220649204604F019FD0422044950
:109FB0001031284604F013FD70BD0000107AFF1F19
:109FC000BE00002010B5024692F82030012B01D0CF
:109FD000022B06D1106840690843146860610020B4
:109FE00010BD506A40F4802050620120F8E7F0B5BF
:109FF00004460D461E4694F8207020688368A868C1
:10A0000000B900E000BF012F01D0022F7DD103F085
:10A01000806030B903F0006018B903F08050002868
:10A020007ED0C3F30161012088403060A86860B928
:10A03000B5F800C0E86840EA4C5C206800F5C070E4
:10A0400000EB0110C0F800C00FE0D5E901C040EA04
:10A05000CC00D5F80CC040EA0C00D4F800C00CF5D8
:10A06000C07C0CEB011CCCF80000D5F810C02068B7
:10A0700000F5C07000EB0110C0F804C0287D012875
:10A080000ED1206800F5C07000EB0110406840F46C
:10A09000807C206800F5C07000EB0110C0F804C09F
:10A0A000D079000692F806C040EA0C4092F805C04C
:10A0B00040EA0C2092F804C040EA0C00D4F800C03A
:10A0C0000CF5C07C0CEB011CCCF80C00D078000621
:10A0D00092F802C040EA0C4092F801C040EA0C201D
:10A0E00092F800C040EA0C00D4F800C00CF5C07C27
:10A0F0000CEB011CCCF80800206800F5C07000EBE8
:10A100000110006840F0010C01E00FE008E0206859
:10A1100000F5C07000EB0110C0F800C00020F0BDD9
:10A12000606A40F4001060620120F8E7606A40F461
:10A13000802060620120F2E7F0B504460A4694F8F8
:10A140002050012D01D0022D7ED1424901F5007130
:10A15000086840F001000860086820F47C5008603E
:10A160000868566A40EA06200860107D00F01F0665
:10A17000012000FA06F3C8699843C861A1F500718F
:10A18000D069C8B9D1F80C029843C1F80C02908884
:10A1900080B2968940EA064601F51070576940F88A
:10A1A0003760108880B2168940EA064601F51070C3
:10A1B000576900EBC7004660D069012819D1D1F872
:10A1C0000C021843C1F80C02908880B2168840EA4D
:10A1D000064601F51070576940F83760908980B2E3
:10A1E000168940EA064601F51070576900EBC70072
:10A1F0004660906928B9D1F804029843C1F8040276
:10A2000004E0D1F804021843C1F80402106928B927
:10A21000D1F814029843C1F8140204E0D1F81402F2
:10A220001843C1F81402106A012804D1D1F81C02A5
:10A230001843C1F81C02D1F8000220F00100C1F857
:10A2400000020020F0BDFFE7606A40F480206062F9
:10A250000120F7E700640040704710B50246002077
:10A2600092F82030012B01D0022B09D121B91468BA
:10A27000E46804F0030003E01468246904F00300B8
:10A2800010BD70B5044694F82050012D01D0022D68
:10A290007DD151B92068C06800F0030080B9606AC0
:10A2A00040F400106062012070BD2068006900F079
:10A2B000030028B9606A40F4001060620120F3E7EF
:10A2C000206800F5D87000EB0110006800F0040071
:10A2D0009060906840B9206800F5D87000EB0110DC
:10A2E0000068400D106007E0206800F5D87000EBB2
:10A2F00001100068C0085060206800F5D87000EBBD
:10A300000110006800F00200D060206800F5D870ED
:10A3100000EB0110406800F00F00082802D308206D
:10A32000106108E0206800F5D87000EB011040686B
:10A3300000F00F001061206800F5D87000EB0110EC
:10A34000406800F47F40000A9061206800F5D870F2
:10A3500000EB01104068000C5061206800F5D870D7
:10A3600000EB011080681870206800F5D87000EBD1
:10A370000110806800F47F40000A5870206800F5E2
:10A38000D87000EB0110806800F47F0000E03CE032
:10A39000000C9870206800F5D87000EB0110806800
:10A3A000000ED870206800F5D87000EB0110C0686E
:10A3B0001871206800F5D87000EB0110C06800F437
:10A3C0007F40000A5871206800F5D87000EB01103A
:10A3D000C06800F47F00000C9871206800F5D87008
:10A3E00000EB0110C068000ED87131B92068C06858
:10A3F00040F020002668F06005E02068006940F029
:10A4000020002668306100204EE7606A40F480201A
:10A410006062012048E70146002091F82020012ACF
:10A4200001D0022A11D10B689B6803F0806303B14D
:10A43000401C0B689B6803F0006303B1401C0B6871
:10A440009B6803F0805303B1401C70472DE9F05F17
:10A4500004460025206846692068D0F804902068EA
:10A4600087682068D0F80CA02068D0F810B0206869
:10A47000D0F8188006F00100002855D007F0010040
:10A48000C0B101202168886007F0020018B12046A1
:10A4900000F0BFFA0EE007F0040010B145F40065CB
:10A4A00008E007F0080010B145F4805502E02046AE
:10A4B00000F0AEFA07F48070C8B14FF480702168E4
:10A4C000886007F4007018B1204600F0A4FA0EE08E
:10A4D00007F4806010B145F4005508E007F400600F
:10A4E00010B145F4804502E0204600F093FA07F4ED
:10A4F0008030C8B14FF480302168886007F40030A4
:10A5000018B1204600F089FA0EE007F4802010B15F
:10A5100045F4004508E007F4002010B145F480350B
:10A5200002E0204600F078FA06F0080038B10AF0A0
:10A53000100020B145F4007510202168C86006F0B5
:10A54000040040B10AF0080028B108202168C86062
:10A55000204600F01DFA06F0020038B12068C068FD
:10A5600000F0030010B1204600F013FA06F040009E
:10A5700038B10BF0100020B145F48065102021683F
:10A58000086106F0200040B10BF0080028B1082057
:10A5900021680861204600F003FA06F0100038B187
:10A5A0002068006900F0030010B1204600F0F9F9BE
:10A5B00006F4003040B109F0100028B110202168E5
:10A5C0004860204600F0F4F906F4803040B109F00C
:10A5D000080028B1082021684860204600F01EFAD3
:10A5E00006F4004088B309F0040078B306F48070E4
:10A5F00020B108F0010008B145F0010506F4007033
:10A6000020B108F0020008B145F0020506F48060B0
:10A6100020B108F0040008B145F0040506F400601C
:10A62000A0B108F0700088B108F07000402817D081
:10A6300006DC10280BD020280CD0302819D10CE0D3
:10A64000502810D0602814D110E01DE019E045F02A
:10A6500008050FE045F010050CE045F0200509E085
:10A6600045F0400506E045F0800503E045F48075BF
:10A6700000E000BF00BF2068806920F07000216802
:10A6800088610420216848602DB1606A28436062B7
:10A690002046FFF7E1FDBDE8F09F70B504460CB918
:10A6A000012070BD94F8200010B9204600F0B0F8E9
:10A6B0002068006840F001002168086000F018FD83
:10A6C00005460DE000F014FD401B0A2808D9606A19
:10A6D00040F400306062052084F820000120E0E7AB
:10A6E0002068406800F001000028EBD02068006876
:10A6F00020F002002168086000F0FAFC05460DE039
:10A7000000F0F6FC401B0A2808D9606A40F40030CB
:10A710006062052084F820000120C2E720684068BC
:10A7200000F002000028EBD1207E012806D120682D
:10A73000006840F080002168086005E0206800683B
:10A7400020F0800021680860607E012806D1206822
:10A75000006840F040002168086005E0206800685B
:10A7600020F0400021680860A07E012806D1206802
:10A77000006840F020002168086005E0206800685B
:10A7800020F0200021680860E07E012806D12068C2
:10A79000006820F010002168086005E0206800686B
:10A7A00040F0100021680860207F012806D1206851
:10A7B000006840F008002168086005E02068006833
:10A7C00020F0080021680860607F012806D1206819
:10A7D000006840F004002168086005E02068006817
:10A7E00020F0040021680860D4E9020108432169CF
:10A7F0000843616908436168491E08432168C861CC
:10A8000000206062012084F82000002049E7000059
:10A8100010B586B00446142101A8F5F717FF564974
:10A820002068884249D155480068401C5349086057
:10A830000846006801280FD100BF00200090504852
:10A84000006840F000704E4908600846006800F05B
:10A850000070009000BF00BF00BF0020009048487B
:10A860001038006840F00800454910390860084673
:10A87000006800F00800009000BF00BF03200190B6
:10A8800002200290002003900320049009200590EC
:10A8900001A93C4800F024FB00220521142000F00F
:10A8A0002DFD142000F016FD00220521152000F0DA
:10A8B00025FD152000F00EFD5CE03349206888423C
:10A8C00058D100BF002000902D48006840F0806003
:10A8D0002B4908600846006800F08060009000BFC7
:10A8E00000BF26480068401C2449086008460068EC
:10A8F00001280FD100BF002000902148006840F0DF
:10A9000000701F4908600846006800F00070009061
:10A9100000BF00BF00BF0020009019481038006839
:10A9200040F002001649103908600846006800F03F
:10A930000200009000BF00BF602001900220029042
:10A9400000200390032004900920059001A90F48DE
:10A9500000F0C6FA00220521402000F0CFFC402084
:10A9600000F0B8FC00220521412000F0C7FC412086
:10A9700000F0B0FC06B010BD0064004010C0012023
:10A9800040380240000C02400068004000040240D1
:10A99000704710B5044600212046FEF771FB10BD3C
:10A9A000704710B5044601212046FEF769FB10BD33
:10A9B000704770B5044694F82000012822D1022087
:10A9C00084F820002068006820F0010021680860F9
:10A9D00000F08EFB05460DE000F08AFB401B0A28C4
:10A9E00008D9606A40F400306062052084F82000D5
:10A9F000012070BD2068406800F001000028EBD104
:10AA00006062F6E7606A40F4002060620120F0E7CF
:10AA1000704770477047704770477047704770B510
:10AA20000446A56D00F064FB064694F83500022844
:10AA300008D08020606500BF002084F8340000BF8B
:10AA4000012070BD2068006820F0160021680860B1
:10AA50002068406920F0800021684861206C08B9B6
:10AA6000A06C28B12068006820F008002168086008
:10AA70002068006820F001002168086010E000F004
:10AA800037FB801B05280BD920206065032084F844
:10AA9000350000BF002084F8340000BF0320D0E759
:10AAA0002068006800F001000028E8D194F85C10EC
:10AAB0003F208840A860012084F8350000BF0020B6
:10AAC00084F8340000BF00BFBBE7014691F83500B1
:10AAD000022803D08020486501207047052081F8B6
:10AAE00035000868006820F001000A681060002046
:10AAF000F3E70146486D7047F8B504460020009022
:10AB00008C4800684FF41651B0FBF1F7A56D2E6824
:10AB100094F85C1008208840304098B120680068A4
:10AB200000F0040070B12068006820F00400216883
:10AB3000086094F85C1008208840A860606D40F0C0
:10AB40000100606594F85C1001208840304068B1D5
:10AB50002068406900F0800040B194F85C1001204A
:10AB60008840A860606D40F00200606594F85C1059
:10AB700004208840304068B12068006800F002007E
:10AB800040B194F85C1004208840A860606D40F0EB
:10AB90000400606594F85C1010208840304078B361
:10ABA0002068006800F0080050B394F85C10102092
:10ABB0008840A8602068006800F4802080B1206888
:10ABC000006800F4002028B9206CC8B12046216C30
:10ABD000884715E0A06C98B12046A16C88470FE02B
:10ABE0002068006800F4807028B92068006820F0B0
:10ABF000080021680860206C10B12046216C88474D
:10AC000094F85C10202088403040002865D02068EF
:10AC1000006800F0100000285FD094F85C1020203D
:10AC20008840A86094F83500052828D1206800687D
:10AC300020F01600216808602068406920F080003C
:10AC400021684861206C08B9A06C28B120680068B0
:10AC500020F008002168086094F85C103F208840CC
:10AC6000A860012084F8350000BF002084F834007B
:10AC700000BF206D10B12046216D8847F8BD2068C7
:10AC8000006800F4802080B12068006800F4002093
:10AC900028B9606C10B12046616C88471DE0E06BFC
:10ACA000D8B12046E16B884717E02068006800F4BF
:10ACB000807068B92068006820F010002168086082
:10ACC000012084F8350000BF002084F8340000BF64
:10ACD000E06B10B12046E16B8847606D38B3606D62
:10ACE00000F00100F0B1052084F83500206800680C
:10ACF00020F001002168086000BF0098401C00900F
:10AD0000B84200D905E02068006800F00100002882
:10AD1000F3D100BF012084F8350000BF002084F883
:10AD2000340000BFE06C10B12046E16C884700BFE2
:10AD3000A4E700000C0000202DE9F04104460025A6
:10AD400000F0D6F9074614B90120BDE8F081606A29
:10AD500000B100BF022084F8350000BF002084F855
:10AD6000340000BF2068006820F0010021680860FE
:10AD70000AE000F0BDF9C01B052805D92020606558
:10AD8000032084F83500E0E72068006800F0010047
:10AD90000028EED12068056821480540D4E901016A
:10ADA0000843E16808432169084361690843A169D0
:10ADB0000843E1690843216A08430543606A04289F
:10ADC00003D1D4E90B0108430543206805602068DE
:10ADD000456925F00705606A0543606A04280DD1BE
:10ADE000A06A0543E06A48B12046FEF7EDFB28B1B2
:10ADF00040206065012084F83500A6E720684561A1
:10AE00002046FEF7C7FB064694F85C103F208840BA
:10AE1000B06000206065012084F83500002094E7D0
:10AE20003F8010F02DE9F04704460D4616461F46B8
:10AE30004FF00008D4F8589000BF94F8340001286F
:10AE400002D10220BDE8F087012084F8340000BF61
:10AE500094F83500012825D1022084F8350000201F
:10AE600060653B46324629462046FEF702FC94F8D0
:10AE70005C103F208840C9F808002068006840F056
:10AE8000160021680860206C28B12068006840F036
:10AE90000800216808602068006840F0010021680F
:10AEA000086006E000BF002084F8340000BF4FF0C7
:10AEB00002084046C6E7000070B5044600F018F9E5
:10AEC00006462546681C10B104480078054400BFBA
:10AED00000F00EF9801BA842FAD370BD08000020D4
:10AEE000F8B502460B460025002400200021D6E0DC
:10AEF000012606FA01F51E6806EA0504AC4274D183
:10AF00001E7906F00306012E04D01E7906F0030612
:10AF1000022E13D190684F000326BE40B0434F006D
:10AF2000DE68BE4030439060506801268E40B043DA
:10AF30001E79C6F300168E40304350601E7906F02D
:10AF40000306032E09D0D0684F000326BE40B0434D
:10AF50004F009E68BE403043D0601E7906F0030665
:10AF6000022E13D1CF0802F1200656F827004E0713
:10AF7000F70E0F26BE40B0434F07FF0E1E69BE40BE
:10AF80003043CF0802F1200646F8270010684F0032
:10AF90000326BE40B0431E7906F003064F00BE40B4
:10AFA000304310605E6806F44036002E76D000BF55
:10AFB000002600963C4E366846F480463A4F3E6086
:10AFC0003E46366806F48046009600BF00BF374E06
:10AFD0008F0856F827008E07370F0F26BE40B04364
:10AFE000334EB24202D1002624E057E0314EB24245
:10AFF00001D101261EE0304EB24201D1022619E0F5
:10B000002E4EB24201D1032614E02D4EB24201D1A0
:10B0100004260FE02B4EB24201D105260AE02A4E4B
:10B02000B24201D1062605E0284EB24201D10726E0
:10B0300000E008268F073F0FBE4030431B4E8F08AD
:10B0400046F82700224E3068A0435E6806F480165A
:10B0500006B120431E4E3060361D3068A0435E6846
:10B0600006F4001606B12043194E361D3060184E06
:10B07000361F3068A0435E6806F4003606B12043F0
:10B08000134E361F3060361F3068A0435E6806F4EA
:10B09000803606B120430E4E083E3060491C102910
:10B0A000FFF426AFF8BD00004438024008380140E4
:10B0B000000002400004024000080240000C024070
:10B0C000001002400014024000180240001C024020
:10B0D000083C0140024613690B400BB1012000E01F
:10B0E000002070470AB1816101E00B048361704761
:10B0F00001480068704700000000002010B50446B9
:10B100000CB9012010BD94F8410028B9002084F842
:10B110004000204602F0A6FD242084F8410020686B
:10B12000C06820F400502168C860204604F0F8FD93
:10B130002068006920F49040216808612068406917
:10B1400020F02200216848612068406940F0080032
:10B15000216848612068C06840F400502168C860D8
:10B1600000206064202084F8410084F84200002020
:10B17000606300BFC6E70000034800680349097820
:10B1800008440149086070470000002008000020C2
:10B1900010B50D48006840F400700B49086008467F
:10B1A000006840F4806008600846006840F48070E1
:10B1B0000860032000F0E0F80F2000F007F800F02E
:10B1C0005FF8002010BD0000003C02402DE9F04176
:10B1D00088B004460027B84600BF002001902348ED
:10B1E000006840F48070214908600846006800F457
:10B1F0008070019000BF00BF02A903A801F086F88B
:10B20000069F1FB901F0AAF8054602E001F0A6F872
:10B2100045001748B5FBF0F0A0F1010815481649A4
:10B22000086040F2E7311448C160C0F80480002192
:10B2300001618160816101F0B5FD064696B90E4855
:10B2400001F02CFE06466EB92D2000F043F8102CBC
:10B2500007D2002221462D2000F050F80748046054
:10B2600000E00126304608B0BDE8F08140380240D9
:10B2700040420F000020004070C601200400002062
:10B2800008B500BF002000901148006840F48040DD
:10B290000F4908600846006800F48040009000BF35
:10B2A00000BF00BF00200090081F006840F08050E1
:10B2B000091F08600846006800F08050009000BF39
:10B2C00000BF00220F21901E00F018F808BD0000FA
:10B2D000443802400146084600280DDB00BF00BF8D
:10B2E00000F01F0301229A4043099B0003F1E02371
:10B2F000C3F8002100BF00BF00BF70472DE9F05F19
:10B3000080460D461646002707F08CFF0746394653
:10B310002A46334601F00700C0F1070ABAF1040FCC
:10B3200002D94FF0040A01E0C0F1070AD14600F14A
:10B33000040ABAF1070F02D24FF0000A01E0A0F1AF
:10B34000030AD4464FF0010A0AFA09FAAAF1010ADF
:10B350000AEA020A0AFA0CFA4FF0010B0BFA0CFB8C
:10B36000ABF1010B0BEA030B4AEA0B042146404602
:10B3700007F060FFBDE8F09F00BF00F00702064B3A
:10B3800019684FF6FF031940044B0B4343EA0221AF
:10B39000014B196000BF70470CED00E00000FA059A
:10B3A000704702461068416200207047F0B50346BE
:10B3B00015461868446A21B944EA05401E68B0621F
:10B3C00019E01868806A04EB1044002208E018684D
:10B3D00000F5827050F8220004EB1044501CC2B2F9
:10B3E000481E9042F3D844EA0547186800F5827079
:10B3F0004E1E40F826700020F0BD10B50446D4F86B
:10B40000E00405F052FE10BD70B504460D4605EB94
:10B41000C50304F1140101EB8301CA682946D4F87D
:10B42000E00405F035FD70BD70B504460D4605EB32
:10B43000C50304F5157101EB8301CA682946D4F8E8
:10B44000E00405F0ADFD70BD10B50446D4F8E0048D
:10B4500005F02EFE10BD2DE9F04104460D4605F025
:10B460008000802808D105F00F0000EBC00104F136
:10B47000140000EB810607E005F00F0000EBC001AF
:10B4800004F5157000EB81063146206807F0B2F82C
:10B4900007463846BDE8F08170B504460E4606F012
:10B4A000800080280AD106F00F0000EBC00104F1F3
:10B4B000140000EB81050120687009E006F00F0020
:10B4C00000EBC00104F5157000EB810500206870E9
:10B4D00006F00F00287000BF94F89404012801D1F1
:10B4E000022070BD012084F8940400BF2946206822
:10B4F00006F00EFC00BF002084F8940400BF00BFDB
:10B50000EFE770B504460E4606F00F002179884239
:10B5100001D9012070BD06F0800080280AD106F014
:10B520000F0000EBC00104F1140000EB81050120C5
:10B53000687009E006F00F0000EBC00104F515701B
:10B5400000EB8105002068700020A87006F00F0055
:10B55000287000BF94F89404012801D10220D9E793
:10B56000012084F8940400BF2946206806F0CEFD2F
:10B5700000BF002084F8940400BF00BFCAE770B584
:10B5800004460D4600BF94F89404012801D102201E
:10B5900070BD012084F8940400BF05F0800080286D
:10B5A00005D105F00F01206807F0C9F802E0206816
:10B5B00007F09DF800BF002084F8940400BF00BF8E
:10B5C000E6E7024601F00F0000EBC00302F515703C
:10B5D00000EB8300406970472DE9F04705460E46B1
:10B5E00090461F464FF0000906F0800080280AD1DF
:10B5F00006F00F0000EBC00105F1140000EB810420
:10B600000120607009E006F00F0000EBC00105F5B5
:10B61000157000EB81040020607006F00F002070B0
:10B62000C8F30A00A0602771607808B120786083B1
:10B63000022F01D10020607100BF95F89404012809
:10B6400002D10220BDE8F087012085F8940400BFF4
:10B650002146286806F01CFA00BF002085F89404F3
:10B6600000BF4846EEE72DE9F04105460E46174675
:10B67000984606F00F0000EBC00105F5157000EBD1
:10B680008104E760C4F8108000206061607006F0FB
:10B690000F002070A879012800D1E761AA7921461E
:10B6A000286806F0C7FD0020BDE8F08170B50446AB
:10B6B0000D4605F00F002179884201D9012070BDA7
:10B6C00005F0800080280AD105F00F0000EBC001D2
:10B6D00004F1140000EB81060120707007E005EB17
:10B6E000C50104F5157000EB810600207070012083
:10B6F000B07005F00F00307000BF94F8940401287A
:10B7000001D10220DBE7012084F8940400BF314618
:10B71000206806F042FD05F00F0028B9A17904F277
:10B720009C42206806F0BAFC00BF002084F8940414
:10B7300000BF00BFC3E72DE9F04105460E4617469E
:10B74000984606F00F0000EBC00105F1140000EB75
:10B750008104E760C4F810800020606101206070FF
:10B7600006F00F002070A879012800D1E761AA79BE
:10B770002146286806F05EFD0020BDE8F0812DE935
:10B78000FE4F0446D4F800B05E46206807F014F877
:10B79000002874D1206807F0C9F808B9BDE8FE8F09
:10B7A00040F608008059C0F30D20C4F8D404206886
:10B7B00007F0BCF800F00200022805D120684069BB
:10B7C00000F0020021684861206807F0AFF800F03F
:10B7D0001000102845D12068806920F010002168F1
:10B7E0008861DBF8209009F00F0000EBC00104F540
:10B7F000157000EB810AC9F3434002281AD147F6BD
:10B80000F07009EA000030B3C9F30A125846DAF8BA
:10B810000C1007F090F8C9F30A11DAF80C0008448C
:10B82000CAF80C00C9F30A11DAF814000844CAF87F
:10B83000140010E0C9F3434006280CD1082204F29A
:10B840009C41584607F077F8C9F30A11DAF814005A
:10B850000844CAF814002068806940F0100021688C
:10B860008861206807F062F800F40020B0F5002F2E
:10B870007BD10025206807F029F8029072E0E1E210
:10B88000029800F00100002868D0E9B2206807F0B3
:10B8900040F8804608F0010048B1012106F530600B
:10B8A00000EB451081602946204603F06FFC08F04C
:10B8B0000800082809D1082106F5306000EB451082
:10B8C00081602946204603F02FFC08F01000102864
:10B8D00005D1102106F5306000EB4510816008F0BD
:10B8E0000200022824D1DBF8140000F08000802838
:10B8F00007D140F60400805940F4806140F604000E
:10B90000815105EBC50104F5157000EB810A9AF829
:10B910000300012806D100208AF80300E9B220467E
:10B9200000F09BFA022106F5306000EB45108160C3
:10B9300008F02000202805D1202106F5306000EB1A
:10B940004510816008F40050B0F5005F06D14FF457
:10B95000005106F5306000EB451081606D1C0298C7
:10B9600040080290029800288AD1206806F0DEFF85
:10B9700000F48020B0F5802F7DD1206806F09CFF78
:10B98000029000259AE0029800F00100002873D090
:10B99000E9B2206806F0A4FF804608F00100F0B389
:10B9A00005F00F0101208840019040F634008159D4
:10B9B000019821EA000040F634018851012106F582
:10B9C000106000EB45108160A079012824D105EBBF
:10B9D000C50104F1140000EB810005EBC502C1684C
:10B9E00004F1140000EB82008068014405EBC502FD
:10B9F00004F1140000EB8200C1606DB905EBC501D4
:10BA000004F1140000EB8100006928B904F29C42A3
:10BA10000121206806F042FBE9B2204600E001E087
:10BA2000FFF7F2FC08F00800082805D1082106F508
:10BA3000106000EB4510816008F01000102805D15F
:10BA4000102106F5106000EB4510816008F0400001
:10BA5000402805D1402106F5106000EB45108160BB
:10BA600008F0020002281DD12946584606F067FE5C
:10BA700005EBC50101E025E01CE004F1140000EB3A
:10BA8000810A9AF80300012806D100208AF80300F1
:10BA9000E9B2204600F0D8F9022106F5106000EB6B
:10BAA0004510816008F08000802803D12946204697
:10BAB00003F00EFC6D1C02984008029002980028CA
:10BAC0007FF461AF206806F031FF00F00040B0F174
:10BAD000004F1CD140F60400805920F0010140F6CF
:10BAE0000400815194F8CC04012807D1002084F887
:10BAF000CC0400212046FFF753FC02E0204600F072
:10BB0000D1FA2068406900F000402168486120684F
:10BB100006F00CFF00F40060B0F5006F0ED140F6A7
:10BB20000800805900F0010010B1204600F012FB1F
:10BB30002068406900F4006021684861206806F0D0
:10BB4000F5FE00F48050B0F5805F7ED140F6040031
:10BB5000805920F0010140F6040081511021206835
:10BB600006F0EDFD002732E04FF67F3106F510605C
:10BB700000EB4710816006F5106000EB471000688D
:10BB800020F4001106F5106000EB471001604FF63D
:10BB90007F3106F5306000EB4710816006F53060BC
:10BBA00000EB4710006820F4001106F5306000EB50
:10BBB0004710016006F5306000EB4710006840F068
:10BBC000006106F5306000EB471001607F1C2079B2
:10BBD000B842C9D840F61C00805940F0011140F627
:10BBE0001C008151E07B70B1D6F8840840F00B0155
:10BBF000C6F8841840F64400805940F00B0140F626
:10BC0000440081510FE040F61400805942F22B01AC
:10BC1000084340F614018851081F805940F00B0179
:10BC20004FF401608151D6F8000820F4FE60C6F898
:10BC30000008A17904F29C42206806F02FFA2068DF
:10BC4000406900F48050216800E000E0486120680D
:10BC500006F06CFE00F40050B0F5005F17D12068CC
:10BC600005F07EFF206806F094FDE07100F070FBA7
:10BC70000090E2792068009906F016FF204600F057
:10BC8000F9F92068406900F4005021684861206893
:10BC900006F04CFE00F00800082808D1204600F00D
:10BCA00008FA2068406900F00800216848612068AF
:10BCB00006F03CFE00F08000802818D1DBF8180068
:10BCC00020F08000CBF8180001250DE005EBC50140
:10BCD00004F5157000EB8100C078012803D1E9B2AA
:10BCE0002046FFF7B8FB6D1C2079A842EED82068EB
:10BCF00006F01CFE00F48010B0F5801F2DD1012548
:10BD000022E006F5106000EB4510D0F8009005EB3E
:10BD1000C50104F1140000EB81000079012812D163
:10BD200009F00040B0F1004F0DD1012105EBC50233
:10BD300004F1140000EB8200C170E8B240F0800111
:10BD40002046FFF788FB6D1C2079A842D9D82068CF
:10BD5000406900F4801021684861206806F0E6FD23
:10BD600000F40010B0F5001F44D1012538E006F5BD
:10BD7000306000EB4510D0F8009005EBC50104F5EC
:10BD8000157000EB81000079012828D109F00040EE
:10BD9000B0F1004F23D194F8D40400F00100C9F3AE
:10BDA000004188421BD1012105EBC50204F5157045
:10BDB00000EB8200C170DBF8180040F08000CBF887
:10BDC0001800DBF8140000F0800040B940F60400D1
:10BDD000805940F4007140F60400815103E06D1C6D
:10BDE0002079A842C3D800BF2068406900F4001041
:10BDF00021684861206806F099FD00F08040B0F1AC
:10BE0000804F08D12046FFF7F8FA2068406900F01B
:10BE1000804021684861206806F088FD00F0040039
:10BE200004280FD12068D0F8049009F004000428F9
:10BE300002D12046FFF708FB2068406840EA09006D
:10BE40002168486000BFA9E470B504460D46294644
:10BE5000D4F8E00405F098F970BD70B504460D46BD
:10BE60002946D4F8E00405F0B3F970BDF8B50446EE
:10BE70000CB90120F8BD266894F8950428B9002073
:10BE800084F89404204600F0A1F8032084F8950477
:10BE9000B6F1A04F01D10021A171206806F0F6F89B
:10BEA000207C8DF8000094E80F0005F0B9FE20B169
:10BEB000022084F895040120DCE70021206806F0C8
:10BEC000A1FD20B1022084F895040120D2E70025CD
:10BED00031E0012105EBC50204F1140000EB820002
:10BEE000417005EBC50104F1140000F8215005EB89
:10BEF000C50100EB81004583002105EBC50204F17B
:10BF0000140000EB8200017105EBC50204F114007E
:10BF100000EB8200816005EBC50204F1140000EB28
:10BF20008200C16005EBC50204F1140000EB820041
:10BF30000161681CC5B22079A842CADC00252AE04C
:10BF4000002105EBC50204F5157000EB820041707D
:10BF500005EBC50104F5157000F82150002105EB33
:10BF6000C50200EB8200017105EBC50204F51570F6
:10BF700000EB8200816005EBC50204F5157000EB53
:10BF80008200C16005EBC50204F5157000EB82006C
:10BF90000161681CC5B22079A842D1DC207C8DF8F3
:10BFA000000094E80F0005F07DFF20B1022084F826
:10BFB000950401205EE700206074012084F8950458
:10BFC000206805F05DFF002054E7000010B586B042
:10BFD0000446142101A8F4F739FB2068B0F1A04F02
:10BFE00042D100BF002000902048006840F00100CE
:10BFF0001E4908600846006800F00100009000BF7C
:10C0000000BF4FF4C0500190022002900020039026
:10C01000032004900A20059001A91548FEF760FF4F
:10C0200000BF1248001D006840F080000F49091D44
:10C03000086000BF002000900C481430006840F4F5
:10C0400080400A49143108600846006800F48040C6
:10C05000009000BF00BF00BF002205214320FFF772
:10C060004DF94320FFF736F906B010BD30380240D5
:10C070000000024070B504460125E07908B90025AA
:10C0800006E0E079022801D1012501E0FDF77BFF00
:10C090002946D4F8E00405F045F9D4F8E00405F0A9
:10C0A000EBF870BD10B50446D4F8E00405F01BF9B8
:10C0B00010BD10B50446D4F8E00405F01FF910BD1A
:10C0C00070B504460D4600BF94F89404012801D1D0
:10C0D000022070BD012084F8940400BF65742946D5
:10C0E000206806F0C3FC00BF002084F8940400BF61
:10C0F00000BFEEE710B5044604F29C41D4F8E0041A
:10C1000005F027F910BD70B50446256800BF94F806
:10C110009404012801D1022070BD012084F8940408
:10C1200000BFE86800F0400030B1607B012803D117
:10C13000A86B40F48030A863206806F0D1FA20682C
:10C1400005F08CFE00BF002084F8940400BF00BFFF
:10C15000E2E7000010B50446D4F8E00405F056F913
:10C160002068D0F8000E40F001002168C1F8000EF0
:10C17000E07A28B10348006840F0060001490860F1
:10C1800010BD000010ED00E070B504460D460CB97E
:10C19000012070BD5848006800F00700A84209D28D
:10C1A00055490D700846006800F00700A84201D00C
:10C1B0000120EEE7207800F0020002281DD120784F
:10C1C00000F00400042805D14C48006840F4E05019
:10C1D0004A490860207800F00800082805D147483F
:10C1E000006840F46040454908604448006820F019
:10C1F000F000A168084341490860207800F0010080
:10C20000A8B36068012807D13C4808380068C0F32B
:10C210004040B8B90120BCE76068022802D06068DD
:10C22000032807D1354808380068C0F3406048B992
:10C230000120AEE7314808380068C0F3400008B973
:10C240000120A6E72D48006820F00300616808433C
:10C250002A490860FEF74CFF064609E0FEF748FF52
:10C26000801B41F28831884202D9032091E707E020
:10C270002248006800F00C006168B0EB810FEDD13E
:10C280001D48006800F00700A84209D91A490D703E
:10C290000846006800F00700A84201D0012078E7B6
:10C2A000207800F00400042807D11448006820F426
:10C2B000E050E168084311490860207800F0080068
:10C2C000082808D10D48006820F46040216940EA40
:10C2D000C1000A49086000F061F808490968C1F323
:10C2E0000311074A515CC8400649086006480068C7
:10C2F000FEF76CFF00204CE7003C0240083802408B
:10C30000D85F01080C000020040000200F2202600A
:10C310000D4A126802F0030242600B4A126802F0F2
:10C32000F0028260084A126802F4E052C260064AD3
:10C33000126802F46042D2080261044A126802F0F4
:10C3400007020A607047000008380240003C0240C3
:10C3500001480068704700000C00002000B5FFF79E
:10C36000F7FF04490968C1F38221034A515CC840C0
:10C3700000BD000008380240E85F010800B5FFF783
:10C38000E7FF04490968C1F34231034A515CC840E0
:10C3900000BD000008380240E85F01082DE9F047C1
:10C3A000002400250026A1462548006800F00C0066
:10C3B00020B1042805D008283AD105E0DFF88490A0
:10C3C00039E0DFF8849036E01D48001F006800F077
:10C3D0003F041B48001F006800F4800078B11A4831
:10C3E0001749091F0968C1F38811A0FB01700146B4
:10C3F000224600233846F4F711F805460EE01148AE
:10C400000F49091F0968C1F38811A0FB017001469B
:10C41000224600233846F4F701F805460848001F75
:10C420000068C0F30140401C4600B5FBF6F902E08D
:10C43000DFF8109000BF00BF4846BDE8F08700005D
:10C44000083802400024F400001BB700F8B5044689
:10C450000CB90120F8BD207800F00100002874D04C
:10C46000F948006800F00C0004280DD0F648006878
:10C4700000F00C00082813D1F348001F006800F4F6
:10C480008000B0F5800F0BD1EF4808380068C0F38A
:10C490004040002859D06068002856D10120D9E7D3
:10C4A00000BF6068B0F5803F08D1E74808380068F1
:10C4B00040F48030E449083908601EE06068B0F557
:10C4C000A02F0DD1E0480838006840F48020DE49F4
:10C4D000083908600846006840F4803008600CE0C5
:10C4E000D9480838006820F48030D74908390860F6
:10C4F0000846006820F48020086000BF606890B1A2
:10C50000FEF7F6FD054606E0FEF7F2FD401B642847
:10C5100001D903209EE7CC4808380068C0F34040AA
:10C520000028F1D011E0FEF7E3FD054606E0FEF736
:10C53000DFFD401B642801D903208BE7C24808387F
:10C540000068C0F340400028F1D1207800F00200DC
:10C5500002285FD1BC48006800F00C0058B1BA480E
:10C56000006800F00C0008281CD1B748001F0068C4
:10C5700000F48000B0B9B44808380068C0F3400047
:10C5800020B1E068012801D0012063E7AE480838F7
:10C59000006820F0F800216940EAC100AA49083982
:10C5A000086037E0E06800B30120A8490860FEF7A2
:10C5B0009FFD054606E0FEF79BFD401B022801D9C2
:10C5C000032047E7A04808380068C0F3400000286F
:10C5D000F1D09D480838006820F0F800216940EA51
:10C5E000C10099490839086014E0002097490860A3
:10C5F000FEF77EFD054606E0FEF77AFD401B0228A9
:10C6000001D9032026E7904808380068C0F34000AD
:10C610000028F1D1207800F0080008282CD16069AA
:10C62000A8B101208A490860FEF762FD054606E0D0
:10C63000FEF75EFD401B022801D903200AE782486D
:10C640006C300068C0F340000028F1D014E00020F6
:10C650007F490860FEF74CFD054606E0FEF748FD01
:10C66000401B022801D90320F4E677486C300068AB
:10C67000C0F340000028F1D1207800F00400042825
:10C6800070D1002770483830006800F0805090B9B1
:10C6900000BF002000906C483830006840F08050A7
:10C6A0006949383108600846006800F08050009001
:10C6B00000BF00BF01276748006800F48070B0B970
:10C6C0006448006840F4807062490860FEF710FD1D
:10C6D000054606E0FEF70CFD401B022801D90320A9
:10C6E000B8E65C48006800F480700028F2D000BF13
:10C6F000A068012808D154486830006840F0010063
:10C700005149683108601DE0A06805280DD14E48E8
:10C710006830006840F004004B4968310860084602
:10C72000006840F0010008600CE04748683000688D
:10C7300020F001004449683108600846006820F094
:10C740000400086000BFA068A8B1FEF7D1FC054650
:10C7500009E0FEF7CDFC401B41F28831884202D946
:10C76000032077E626E0384868300068C0F34000D0
:10C770000028EED013E0FEF7BBFC054608E0FEF70C
:10C78000B7FC401B41F28831884201D9032061E6A1
:10C790002D4868300068C0F340000028EFD1012F19
:10C7A00007D129483830006820F0805026493831B8
:10C7B000086000BFA069002845D02348006800F049
:10C7C0000C0008285DD0A069022845D100201F492F
:10C7D0000866FEF78DFC054606E0FEF789FC401B67
:10C7E000022801D9032035E6174808380068C0F34D
:10C7F00040600028F1D1D4E907010843616A40EAAA
:10C8000081110122A06AC2EB500041EA00412C20B4
:10C81000005D41EA00600C49091F086001200B49D6
:10C820000866FEF765FC054606E0FEF761FC401B66
:10C83000022801D903200DE6034808380068C0F338
:10C8400040600028F1D049E008380240000047422B
:10C85000800E474200700040002021490866FEF724
:10C8600047FC054606E0FEF743FC401B022801D9C1
:10C870000320EFE51B480068C0F340600028F2D1B8
:10C880002CE0A069012800D1E4E51648001D0668E7
:10C89000A069012820D006F48001E06981421BD103
:10C8A00006F03F01206A814216D147F6C070304041
:10C8B000616AB0EB811F0FD106F440310122A06AFA
:10C8C000C2EB5000B1EB004F06D106F070612C2096
:10C8D000005DB1EB006F01D00120BBE50020B9E5A0
:10C8E000000047420038024070470000F8B5044697
:10C8F0002068466820688568C5F3801048B905F04F
:10C90000010030B1C6F3801018B12046216C884771
:10C91000F8BDC5F3400030B1C6F3C01018B12046D1
:10C92000616C8847F4E7C5F3401030B9C5F3801057
:10C9300018B9C5F3002000287CD0C6F340100028A9
:10C940007DD0C5F38010F0B194F8510003280ED0CB
:10C95000606D40F00400606500BF0020009020681A
:10C96000C068009020688068009000BF0BE000BFA6
:10C97000002000902068C0680090206880680090C7
:10C9800000BF00BFC4E7C5F3401088B1606D40F040
:10C990000100606500BF0020009020688068009062
:10C9A0002068006820F040002168086000BF00BFD8
:10C9B000C5F3002058B1606D40F00800606500BF0D
:10C9C0000020009020688068009000BF00BF606D6C
:10C9D00078B32068406820F0E000216848600120BA
:10C9E00084F8510006F00200022802D006F001008F
:10C9F00008B32068406820F0030021684860E06CBC
:10CA000050B11048E16C0865E06CFEF75EF818B1B3
:10CA1000606D40F040006065A06C50B10948A16CA9
:10CA20000865A06CFEF751F818B1606D40F0400049
:10CA3000606503E003E02046FFF756FF68E700BFAC
:10CA400066E7000065F5000810B504460CB9012042
:10CA500010BD606A38B96068B0F5827F00D105E02A
:10CA60000021E16102E00021216161610021A162F8
:10CA700094F8510028B9002084F85000204600F0B6
:10CA800047F8022084F851002068006820F0400038
:10CA900021680860A08800F48270218901F40441B3
:10CAA0000843A18901F400610843217C01F00201DF
:10CAB0000843217D01F001010843218B01F400713D
:10CAC0000843217F01F0380108432021095D01F06E
:10CAD00080010843218D01F400510843216808605A
:10CAE0000421A06901EA104094F8241001F010011B
:10CAF0000843216848602068C06920F4006021680C
:10CB0000C86100206065012084F8510000209FE783
:10CB100010B586B00446142101A8F3F797FD4F49DC
:10CB2000206888427ED100BF002000904C480068F9
:10CB300040F480504A4908600846006800F480507C
:10CB4000009000BF00BF00BF002000904448143890
:10CB5000006840F002004249143908600846006845
:10CB600000F00200009000BF00BF00BF0020009056
:10CB70000846006840F0010008600846006800F0C0
:10CB80000100009000BF00BF182001900220029019
:10CB900001200390032004900520059001A931484D
:10CBA000FEF79EF980200190022002900120039060
:10CBB000032004900520059001A92B48FEF790F969
:10CBC0002A482B4908604FF0C0604860002128487F
:10CBD0008160C1604FF48061016100214161816128
:10CBE000C161016204214162032181620021C162AD
:10CBF0000163FEF7A1F808B1FDF7C5F900BF1C48B5
:10CC0000E064846300BF194848301A4908604FF057
:10CC1000C06048604021174881600021C1604FF426
:10CC2000806100E018E00161002141618161C16122
:10CC300001624162FEF780F808B1FDF7A4F900BF78
:10CC40000C48A064846300BF002205212320FEF766
:10CC500055FB2320FEF73EFB06B010BD003001401F
:10CC600044380240000402400000024010640240C8
:10CC700040C30120A0C301207047704710B5034690
:10CC8000002200BF93F83C00012801D1022010BD12
:10CC9000012083F83C0000BF22F0FF00CC6840EA8E
:10CCA000040222F440708C6840EA040222F480609E
:10CCB0004C6840EA040222F400600C6840EA040276
:10CCC00022F480500C6940EA040222F400504C69BE
:10CCD00040EA040222F48040CC6940EA0402186869
:10CCE000426400BF002083F83C0000BF00BFCEE7D5
:10CCF00030B502460B4600BF92F83C00012801D136
:10CD0000022030BD012082F83C0000BF022082F8E2
:10CD10003D00106844681068816824F07004186849
:10CD2000044310684460184D1068A8421BD0106876
:10CD3000B0F1804F17D0154D1068A84213D0144D94
:10CD40001068A8420FD0134D1068A8420BD0124DA6
:10CD50001068A84207D0114D1068A84203D0104DAA
:10CD60001068A84205D121F080015868014310687D
:10CD70008160012082F83D0000BF002082F83C0065
:10CD800000BF00BFBDE700000000014000040040FC
:10CD900000080040000C0040000401400040014039
:10CDA0000018004010B504460CB9012010BD94F8DD
:10CDB0003D0028B9002084F83C00204600F026F809
:10CDC000022084F83D00211D206802F069FC01204A
:10CDD00084F8460000BF84F83E0001213F20015541
:10CDE000402001554120015500BF00BF012084F8BB
:10CDF000420043200155442001554520015500BF04
:10CE0000012084F83D000020D0E7000008B51F4A4B
:10CE1000016891420FD100BF002100911C490968AF
:10CE200041F001011A4A11601146096801F001013F
:10CE3000009100BF29E0174A0168914211D100BF5B
:10CE4000002100911249091F096841F00401104AAC
:10CE5000121F11601146096801F00401009100BF22
:10CE600013E00D4A016891420FD100BF00210091EB
:10CE70000749096841F40031054A11601146096803
:10CE800001F40031009100BF00BF08BD0000014067
:10CE9000443802400008004000440140014691F837
:10CEA0003D00012801D001207047022081F83D009B
:10CEB0000868C06840F001000B68D8601A4B086829
:10CEC00098421BD00868B0F1804F17D0174B086804
:10CED000984213D0164B086898420FD0154B08683B
:10CEE00098420BD0144B0868984207D0134B08683F
:10CEF000984203D0124B086898420CD108688068A9
:10CF000000F00702062A0CD00868006840F0010013
:10CF10000B68186005E00868006840F001000B68C5
:10CF200018600020C0E7000000000140000400403D
:10CF300000080040000C0040000401400040014097
:10CF4000001800402DE9F04104460D46002700BFBF
:10CF500094F83C00012802D10220BDE8F0810120B4
:10CF600084F83C0000BF022084F83D0020688668F9
:10CF700026F0770626F47F462068866028685028C9
:10CF800033D00CDC202850D004DC00284BD01028F3
:10CF900051D149E0302849D040284CD139E06028AF
:10CFA0002DD0702807D0B0F5805F03D0B0F5005FBA
:10CFB00041D10DE041E0D5E902136A68206802F032
:10CFC000F0FB2068866846F077062068866034E0CB
:10CFD000D5E902136A68206802F0E3FB20688068E4
:10CFE00040F480402168886027E0EA68696820682A
:10CFF00002F0C8FC5021206802F0DEFB1DE0EA6868
:10D000006968206802F0D1FC6021206802F0D4FB3E
:10D0100013E0EA686968206802F0B4FC40212068E7
:10D0200002F0CAFB09E000BF00BF00BF296820680A
:10D0300002F0C2FB01E0012700BF00BF012084F81D
:10D040003D0000BF002084F83C0000BF384684E764
:10D05000704770B504462068C5682068066906F008
:10D060000200022819D105F00200022815D1401F44
:10D0700021680861012020772068806900F00300A2
:10D0800018B12046FFF7E4FF05E0204600F016F94E
:10D09000204600F0CAF90020207706F0040004289A
:10D0A00019D105F00400042815D1C0432168086196
:10D0B000022020772068806900F4407018B1204673
:10D0C000FFF7C6FF05E0204600F0F8F8204600F024
:10D0D000ACF90020207706F00800082819D105F0E7
:10D0E0000800082815D1C043216808610420207772
:10D0F0002068C06900F0030018B12046FFF7A8FFC0
:10D1000005E0204600F0DAF8204600F08EF9002015
:10D11000207706F01000102819D105F01000102813
:10D1200015D1C04321680861082020772068C069B4
:10D1300000F4407018B12046FFF78AFF05E0204652
:10D1400000F0BCF8204600F070F90020207706F0CF
:10D15000010048B105F0010030B16FF00100216815
:10D160000861204600F03CFA06F08000802809D1D2
:10D1700005F08000802805D1C04321680861204661
:10D18000FFF77AFD06F04000402809D105F0400085
:10D19000402805D1C04321680861204600F02CFAE0
:10D1A00006F02000202809D105F02000202805D114
:10D1B000C043216808612046FFF75FFD70BD000095
:10D1C00010B586B00446142101A8F3F73FFA34499C
:10D1D000206888421DD100BF0020009031480068BF
:10D1E00040F010002F4908600846006800F0100069
:10D1F000009000BF00BF481501900220029000205F
:10D20000039004900120059001A92748FDF768FECE
:10D2100043E02649206888421ED100BF00200090CC
:10D220002048006840F008001E4908600846006871
:10D2300000F00800009000BF00BF4FF48040019054
:10D24000022002900020039004900220059001A982
:10D250001748FDF745FE20E01649206888421CD19A
:10D2600000BF002000900F48006840F020000D49EA
:10D2700008600846006800F02000009000BF00BF72
:10D28000402001900220029000200390049003208F
:10D29000059001A90848FDF723FE06B010BD000067
:10D2A00000000140303802400010024000080040F9
:10D2B000000C0240004401400014024070472DE978
:10D2C000F04104460D461646002700BF94F83C0086
:10D2D000012802D10220BDE8F081012084F83C0041
:10D2E00000BF36B1042E1BD0082E31D00C2E5ED1DB
:10D2F00045E02946206802F069FA2068806940F01C
:10D300000800216888612068806920F00400216895
:10D31000886120688069296908432168886148E03C
:10D320002946206802F08AFA2068806940F400608B
:10D33000216888612068806920F4806021688861A4
:10D3400020688069296940EA01202168886130E00D
:10D350002946206802F0B0FA2068C06940F0080051
:10D360002168C8612068C06920F004002168C86194
:10D370002068C069296908432168C86119E0294605
:10D38000206802F0D5FA2068C06940F40060216886
:10D39000C8612068C06920F480602168C861206885
:10D3A000C069296940EA01202168C86101E00127BC
:10D3B00000BF00BF00BF002084F83C0000BF38461B
:10D3C00089E710B504460CB9012010BD94F83D0062
:10D3D00028B9002084F83C00204600F025F80220FF
:10D3E00084F83D00211D206802F05AF9012084F8DC
:10D3F000460000BF84F83E0001213F200155402037
:10D4000001554120015500BF00BF012084F84200B2
:10D4100043200155442001554520015500BF0120FE
:10D4200084F83D000020D0E77047704770B504468F
:10D430000D4615B994F83E000BE0042D02D13F20B3
:10D44000005D06E0082D02D14020005D01E0412092
:10D45000005D012801D0012070BD1DB9022084F8B3
:10D460003E000EE0042D03D102213F20015508E0CB
:10D47000082D03D102214020015502E00221412064
:10D48000015501222946206802F07AF923492068D3
:10D49000884203D022492068884201D1012000E05F
:10D4A000002028B12068406C40F4004021684864A6
:10D4B0001A49206888421BD02068B0F1804F17D0ED
:10D4C00018492068884213D01749206888420FD035
:10D4D0001649206888420BD011492068884207D03D
:10D4E00013492068884203D01249206888420CD131
:10D4F0002068806800F00706062E0CD020680068BF
:10D5000040F001002168086005E02068006840F0F4
:10D5100001002168086000209EE700000000014033
:10D52000000401400004004000080040000C0040DE
:10D53000004001400018004030B504460D4600226E
:10D540002946206802F01CF923492068884203D04C
:10D5500022492068884201D1012000E0002090B1DA
:10D5600000BF2068006A41F21111084050B92068DC
:10D57000006A8910084028B92068406C20F40040F7
:10D580002168486400BF00BF2068006A41F21111A1
:10D59000084050B92068006A8910084028B92068FE
:10D5A000006820F001002168086000BF1DB901205B
:10D5B00084F83E000EE0042D03D101213F200155E7
:10D5C00008E0082D03D101214020015502E001218E
:10D5D00041200155002030BD000001400004014001
:10D5E00010B5044603492068884201D1FDF7C4FD07
:10D5F00010BD0000002000407047F8B504460D46FD
:10D60000164694F8420020282DD105B10EB901200C
:10D61000F8BD012020630020606332462946204681
:10D6200002F094FC0746206B012819D100BF0020AE
:10D63000009020680068009020684068009000BF5B
:10D6400000BF00BF00BF21680C3151E8001F41F04E
:10D65000100021680C3141E80002002AF3D100E0FB
:10D6600001273846D4E70220D2E700002DE9F04137
:10D6700006460F46304602F00DFD054635B1686896
:10D6800010B1384669688847BDE8F08100243BE066
:10D69000204850F82400D0F80001B04232D11D4893
:10D6A00050F82400D0F8040158B11A4951F8241058
:10D6B000D1F804018047174951F824003946F2F7A0
:10D6C000C5FF144B53F8243093F8FF20114B53F847
:10D6D000241053F82430D3F80001FFF78EFF0D48D3
:10D6E00050F82400D0F80001C06B0068006820F0FA
:10D6F0000800084951F82410D1F80011C96B0968D5
:10D700000860C1E7601CC4B2034800788442BFDBF4
:10D7100000BFB9E73C04002020C0012010B504463A
:10D7200000BF00BF21680C3151E8001F21F4907048
:10D7300021680C3141E80002002AF3D100BF00BF8C
:10D7400000BF2168143151E8001F21F00100216859
:10D75000143141E80002002AF3D100BF206B0128F8
:10D760000ED100BF00BF21680C3151E8001F21F02D
:10D77000100021680C3141E80002002AF3D100BFFB
:10D780002068406900F04000402820D100BF00BF61
:10D790002168143151E8001F21F040002168143144
:10D7A00041E80002002AF3D100BFE06B78B100200D
:10D7B000E16B0865E06BFDF732F940B1E06BFDF716
:10D7C00098F9202803D110206064032010BD0020A8
:10D7D000E085202084F842000020206300BFF5E7A8
:10D7E00010B5044600BF00BF21680C3151E8001F8E
:10D7F00021F0C00021680C3141E80002002AF3D179
:10D8000000BF2068406900F08000802820D100BF60
:10D8100000BF2168143151E8001F21F08000216809
:10D82000143141E80002002AF3D100BFA06B78B1A7
:10D830000020A16B0865A06BFDF7F1F840B1A06B6B
:10D84000FDF757F9202803D110206064032010BD94
:10D850000020E084202084F841000020F7E7000049
:10D8600070B50646304602F015FC054625B1E8685D
:10D8700008B1E868804770BD002429E0174850F8D7
:10D880002400D0F80001B04220D1144B53F82430CA
:10D8900093F8FF20114B53F8241053F82430D3F899
:10D8A0000001FFF7AAFE0D4850F82400D0F800014F
:10D8B000C06B0068006820F00800084951F8241087
:10D8C000D1F80011C96B09680860D4E7601CC4B2C4
:10D8D000034800788442D1DB00BFCCE73C04002041
:10D8E00020C001202DE9F84F044620680568206813
:10D8F000C668206847694FF00009CA4605F00F095D
:10D90000B9F1000F0AD105F0200038B106F020006F
:10D9100020B1204602F086F9BDE8F88FB9F1000F7A
:10D920007CD007F0010018B906F49070002875D07B
:10D9300005F0010030B106F4807018B1606C40F061
:10D940000100606405F0040030B107F0010018B177
:10D95000606C40F00200606405F0020030B107F036
:10D96000010018B1606C40F00400606405F008002C
:10D9700048B106F0200010B907F0010018B1606C42
:10D9800040F008006064606C002846D005F020007C
:10D9900028B106F0200010B1204602F043F92068BB
:10D9A0004069C0F3801A606C00F0080010B9BAF149
:10D9B000000F2DD0204602F0DCF82068406900F00E
:10D9C0004000402820D100BF00BF2168143151E839
:10D9D000001F21F040002168143141E80002002AB4
:10D9E000F3D100BFE06B50B17F48E16B0865E06B9D
:10D9F000FDF76BF888B1E06B016D88470DE02046BC
:10DA0000FFF72EFF09E009E02046FFF729FF04E0B9
:10DA10002046FFF725FF002060647DE7206B01288A
:10DA200078D105F01000002874D006F0100000280E
:10DA3000FAD000BF002000902068006800902068A5
:10DA40004068009000BF00BF2068406900F04000BF
:10DA5000402870D1E06B006840681FFA80F8B8F188
:10DA6000000F58D0A08D404555DDA4F82E80E06B06
:10DA7000C069B0F5807F43D000BF00BF21680C3182
:10DA800051E8001F21F4807021680C3141E8000248
:10DA9000002AF3D100BF00BF00BF2168143151E854
:10DAA000001F21F001002168143141E80002002A22
:10DAB000F3D100BF00BF00BF2168143151E8001F3F
:10DAC00021F040002168143141E80002002AF3D11E
:10DAD00000BF202084F842000020206300BF00BF68
:10DAE00021680C3151E8001F21F0100021680C3131
:10DAF00041E80002002AF3D100BFE06BFCF78FFF82
:10DB000002206063A08DE28D801A81B22046FFF76B
:10DB1000ADFD0EE052E0A08D40450AD1E06BC0693A
:10DB2000B0F5807F05D102206063A18D2046FFF70C
:10DB30009DFDF1E6FFE7A08DE18D401A1FFA80F808
:10DB4000E08DD0B3B8F1000F37D000BF00BF21681F
:10DB50000C3151E8001F21F4907021680C3141E82C
:10DB60000002002AF3D100BF00BF00BF21681431BA
:10DB700051E8001F21F001002168143141E8000242
:10DB8000002AF3D100BF202084F842000020206347
:10DB900000BF00BF21680C3151E8001F21F01000C8
:10DBA00021680C3141E80002002AF3D100BF0220B5
:10DBB000606341462046FFF759FDADE605F0800061
:10DBC00030B106F0800018B1204602F02BFAA3E62F
:10DBD00005F0400030B106F0400018B1204601F0D9
:10DBE000FEFF99E600BF97E6D3F9000810B504469A
:10DBF0000CB9012010BDA06900B100E000BF94F88D
:10DC0000410028B9002084F84000204600F02AF89E
:10DC1000242084F841002068C06820F40050216866
:10DC2000C860204602F07CF82068006920F490402B
:10DC3000216808612068406920F02A002168486155
:10DC40002068C06840F400502168C860002060640B
:10DC5000202084F8410084F842000020606300BF67
:10DC6000C8E7000010B586B00446142101A8F2F7F9
:10DC7000EDFC8449206888426DD100BF00200090EF
:10DC80008148006840F010007F490860084600683D
:10DC900000F01000009000BF00BF00BF0020009007
:10DCA00079481438006840F0020077491439086058
:10DCB0000846006800F00200009000BF00BF00BFEF
:10DCC000002000900846006840F001000860084607
:10DCD000006800F00100009000BF00BF80200190AC
:10DCE000022002900020039003200490072005905A
:10DCF00001A96648FDF7F4F84FF400700190022086
:10DD0000029000200390032004900720059001A9B1
:10DD10005F48FDF7E5F85F485F4908604FF0006035
:10DD2000486000215C488160C1604FF480610161FE
:10DD30000021416181614FF48071C1610021016264
:10DD40004162FCF7F9FF08B1FCF71DF900BF52482A
:10DD5000E063846394E051492068884253D100BF56
:10DD6000002000904848001F006840F48020464989
:10DD7000091F08600846006800F48020009000BF7A
:10DD800000BF00BF002000903F481438006840F0FA
:10DD900004003D49143908600846006800F004009A
:10DDA000009000BF00BF4FF440600190022002903D
:10DDB00000200390032004900720059001A9384813
:10DDC000FDF78EF83748384908604FF0006048602A
:10DDD000002135488160C1604FF4806101610021FC
:10DDE000416181614FF48071C1614902016200218A
:10DDF0004162FCF7A1FF08B1FCF7C5F800BF2A4853
:10DE0000E06384633CE029492068884238D100BF40
:10DE1000002000901C48006840F020001A4908606B
:10DE20000846006800F02000009000BF00BF00BF5F
:10DE30000020009014481438006840F04000124957
:10DE4000143908600846006800F04000009000BFE8
:10DE500000BF4FF4804001901220029000200390F8
:10DE6000032004900820059001A91148FDF738F817
:10DE7000002205214720FDF741FA4720FDF72AFA45
:10DE800006B010BD001001404438024000040240BA
:10DE90000000024040640240B0C50120004800403C
:10DEA000000802402860024010C601200014014012
:10DEB0000018024070B504460D46164694F842001C
:10DEC00020280BD105B10EB9012070BD00202063C0
:10DED00032462946204602F039F8F6E70220F4E7F8
:10DEE00070B50546284602F0D5F8044624B16068AE
:10DEF00010B1A88D6168884770BD7047F7B50446BA
:10DF0000154694F8410020283ED1019800B10DB982
:10DF10000120FEBD01982062A584E5840020606494
:10DF2000212084F841001948A16BC8631848A16BEF
:10DF300008641848A16BC8640020A16B086501AE95
:10DF400023681A1D31682B46A06BFCF76BFF30B1BC
:10DF500010206064202084F841000120D9E76FF090
:10DF600040002168086000BF00BF2168143151E8FB
:10DF7000001F41F080002168143141E80002002AAE
:10DF8000F3D100BF0020C4E70220C2E70DFB000868
:10DF900065FB0008E5F9000810B5034693F8410059
:10DFA000202813D101B10AB9012010BD19629A8449
:10DFB000DA8400205864212083F841001868C06882
:10DFC00040F080001C68E0600020EEE70220ECE7F3
:10DFD00070B50546284602F05DF804461CB1A068FD
:10DFE00008B1A068804770BD704710B502460B4667
:10DFF00000240AB1062B01D2002010BD022104E04A
:10E00000505C204484B2481CC1B2581EC0B2884241
:10E01000F6DCE043C0B2F0E710B503498878002190
:10E0200000F004F810BD0000E40C00202DE9F041E0
:10E0300005460F46002400260DE00E4901EB461070
:10E040000178A94201D1BDE8F08114B9017801B984
:10E050000446701CC6B2082EEFD307B10CB90020DD
:10E06000F1E720212046F2F7F1FA25700B2020710C
:10E070002046E8E7700D00202DE9F04105460F46E7
:10E08000FFF7CAFF044600263348807928B1334899
:10E09000FFF744FB0020304988713148007930494E
:10E0A0004871084685710020487015B90820C8706D
:10E0B00008E0052D03D109202949C87002E00A2093
:10E0C0002749C8701CB326480079E07025712448A0
:10E0D0000079032807D1ADB901206070A0701E48F7
:10E0E000408EE0800EE01E48007915280AD13DB927
:10E0F00001206070A0701A480089E080A76001E0EC
:10E100000020607060781649C872A06848631248A1
:10E1100090F83000B0B1104991F830000021FFF7BD
:10E1200085FF064676B10E480079F07035710C48CF
:10E130000079032806D12DB901207070B07006480F
:10E14000808EF08000200649087103498871C871EB
:10E1500081F83000BDE8F081380D002068C501204D
:10E16000E40C0020014619B1FD2901D801207047B7
:10E170000020FCE71FB54FF49C711548F2F766FAD2
:10E1800054211448F2F762FA0020009001900290A6
:10E1900003901148009011480190114802901148D5
:10E1A0000390684601F090FF38B90A200949C87009
:10E1B00004208871002004B010BD012004490870BB
:10E1C00004490870C870002088710120F3E700003E
:10E1D000380D0020E40C002068C5012031E400085F
:10E1E000B5E80008C1E8000870B504460D461646BB
:10E1F00032462946204600F013F870BD2DE9F84359
:10E2000004460D4616461F46DDF820803B46324642
:10E2100029462046CDF8008000F07AF8BDE8F88362
:10E220002DE9F04107460C4615463748007810B9ED
:10E230000320BDE8F0813846FFF794FF30B1B4F514
:10E24000FA6F03D847F23050854201D90220F0E737
:10E2500005F007F8064672B62C48407818B106B9A2
:10E2600062B60120E5E7102127480930F2F7CCF922
:10E270005520254948725521234881720821C172D1
:10E28000032101730121417385732912C17307743E
:10E290004474211281740A201B4981F8290000204E
:10E2A000C87103200872002048708870C870888088
:10E2B000887181F830000846448600208886FCF783
:10E2C00017FF1149C86210210F481930F2F79CF965
:10E2D0000E48877003200D4908710120887148702D
:10E2E0000220C8700848C06A0863084604810120FB
:10E2F000887201213846FFF799FE00F0E7FA06B967
:10E3000062B6002095E70000380D0020E40C0020E4
:10E310002DE9F04707460D4616461C46DDF82090CD
:10E320004148007810B90320BDE8F0873846FFF770
:10E3300019FF78B13046FFF715FF58B1B74209D041
:10E34000B5F5FA6F06D8B4F5FA6F03D847F2305036
:10E35000814501D90220E7E704F083FF804672B6C9
:10E360003248407828B1B8F1000F00D162B60120E0
:10E37000DAE710212C480930F2F746F955202A49EE
:10E3800048725521284881720B21C1720321017303
:10E390000221417380F80E904FEA2921C17307745E
:10E3A000457429128174C6740475211241750D20BB
:10E3B0001D4981F829000020C8710320087200203F
:10E3C00048708870C87088808871084680F830600E
:10E3D00045868486FCF78CFE1349C86210211248DA
:10E3E0001930F2F711F91148877003200F490871AD
:10E3F0000120887148700220C8700B48C06A086309
:10E40000084604810120887201213846FFF70EFE7C
:10E4100001213046FFF70AFE00F058FAB8F1000F6C
:10E4200000D162B600207FE7380D0020E40C002008
:10E43000102800D91020044988800021024A9171D7
:10E440000121917070470000380D0020F8B5054695
:10E450000E461C48C06B08B90120F8BD00BF002063
:10E4600000901848006800680090164800684068EE
:10E47000009000BF00BF10211348F2F7C5F800203C
:10E480001149193988808870102219310D48FFF719
:10E4900011FD04469CB90B48C06B0068006820F071
:10E4A00008000849C96B0968086001200649193944
:10E4B00088710846C56216B106200449C870204616
:10E4C000CBE7000068C50120510D0020E40C0020BE
:10E4D0002DE9F0410546F448007808B9BDE8F0811F
:10E4E000F148C078D8B10020EF49C870EF48FFF775
:10E4F00015F9EE48FFF774F9ED48C06C401CEC4983
:10E50000C8640846407820B129460420FFF7B4FDCE
:10E5100004E00420E64988710A20C870DEE7E44878
:10E52000C0780B286BD2DFE800F0EEED069DEFF926
:10E53000EAE9E8E7E600DC48C07950B3DA488079D8
:10E5400038BB00212846FFF781FF0646022E15D171
:10E55000D548C06A281A32280FD3D548006C401C11
:10E56000D3490864FFF758FD044614B16069401CA4
:10E57000606129460520FFF77FFD91E14EB1CC484F
:10E58000C06C401CCA49C86429460420FFF774FDCA
:10E5900086E1C548C07988BBC34890F8292000F1BE
:10E5A0000901C248FFF7F8FC06462EB9BE48C5620D
:10E5B0000320BF49C87020E0022E09D0BC48C06CBF
:10E5C000401CBB49C86429460420FFF755FD14E0F0
:10E5D000B548C06A281A32280FD3B548006C401CD1
:10E5E000B3490864FFF718FD044614B16069401C84
:10E5F000606129460520FFF73FFD51E100E049E158
:10E60000A94890F8292000F10901A848FFF776FCF5
:10E6100006462EB9A448C5620320A549C87020E06B
:10E62000022E09D0A248C06C401CA149C8642946EA
:10E630000420FFF721FD14E09B48C06A281A322805
:10E640000FD39B48006C401C99490864FFF7E4FC19
:10E65000044614B16069401C606129460520FFF73B
:10E660000BFD1DE19048407860B300208E49487052
:10E670008F48806B401C8E498863FFF7CDFC0446B1
:10E6800014B1E068401CE060874890F8300050B159
:10E69000854991F830000021FFF7C8FC044614B109
:10E6A000E068401CE0608048C07928B97E48C562B7
:10E6B00004207F49C8701DE07B48C56206207C4964
:10E6C000C87017E07848C06A281A322812D37748F1
:10E6D000FFF786F87648006C401C75490864FFF720
:10E6E0009BFC044614B16069401C6061294605200A
:10E6F000FFF7C2FCD4E0D2E0D0E0CEE0A5E038E005
:10E700000CE001E0C8E0C6E06748C06A281A0228A9
:10E7100003D329460020FFF7AFFCC1E001212846C2
:10E72000FFF794FE06465EB1022E09D06048C06C29
:10E73000401C5F49C86429460420FFF79DFC17E090
:10E740005948C06A281A1E2812D35848FEF7E6FF17
:10E750005748006C401C56490864FFF75DFC0446AE
:10E7600014B16069401C606129460520FFF784FCF4
:10E7700096E04D48807938B14C48C06B00684068DD
:10E78000C0F1100080B201E0474880888046B8F1AF
:10E79000100F01D94FF010084348A0F80480B8F1D9
:10E7A000080F1ED3284600F0ADF8D0B93E48807956
:10E7B00028B13E48FEF7B2FF00203B4988713C4833
:10E7C000C06B401C3A49C863FFF726FC044614B1ED
:10E7D0002069401C206100F079F807203449C87096
:10E7E00032E03148C06A281A1E282DD32E4880797D
:10E7F00028B12E48FEF792FF00202B498871B8F10E
:10E80000000F10D12A48006C401C29490864FFF70A
:10E8100003FC044614B16069401C60612946052070
:10E82000FFF72AFC10E02248C06B401C2049C86357
:10E83000FFF7F2FB044614B12069401C206100F090
:10E8400045F807201A49C8702AE000201649887048
:10E85000284600F057F80746FFF7DEFB0446072F6F
:10E8600009D11348406C401C114948646CB1A0693F
:10E87000401CA06109E047B10D48806C401C0C4968
:10E88000886414B1E069401CE06129463846FFF70E
:10E89000F3FB05E000BF00BF00BF00BF00BF00BF2B
:10E8A00000BF00BF1AE60000380D002068C5012037
:10E8B000E40C00200120014948707047380D002009
:10E8C00001200149C8707047380D002010B50B4871
:10E8D00090F829000A490873084880884873102274
:10E8E0000649093106480E30F1F70FFE10220349A0
:10E8F000193103481E30F1F708FE10BD380D002015
:10E90000E40C00202DE9F04780464FF006092D4821
:10E910008088082802D20620BDE8F087002648E05B
:10E920002848193084192078552802D16078552854
:10E9300000D03CE0E078C01CC5B2E078052806D1E4
:10E94000082D04D170191F498988884200DD2EE006
:10E95000A0781D498978884202D04FF0080926E046
:10E9600020791849097A884202D04FF009091EE03F
:10E9700029462046FFF739FB691E615C884202D0B8
:10E980004FF0070913E06079A17940EA0127B7F554
:10E99000FA6F02D94FF00A0909E00B4807810120FC
:10E9A000094988720846C0F834800020B4E7701C1A
:10E9B000C6B20448818806F108008142B0D24846B8
:10E9C000AAE70000380D0020E40C002000BFFEE79D
:10E9D00000F078FB00BF012005F088FCFBE730B5B4
:10E9E0000B46002100BF16E00A24B4EB107F05D9C6
:10E9F000302404EB107403F8114005E0412404EBCB
:10EA000010740A3C03F81140000100254C00641CFE
:10EA10001D554C1CE1B29142E6DB30BD10B50E48ED
:10EA20000E4908600320486000210C488160C160E5
:10EA30004FF4102101614FF4001141610021017672
:10EA400041768176C17601774177FBF726FE08B1E2
:10EA5000FBF799FA10BD00000064004098C2012045
:10EA600010B50E480E4908600320486000210C488C
:10EA70008160C1604FF4102101614FF400114161C8
:10EA80000021017641768176C17601774177FBF7E7
:10EA900004FE08B1FBF777FA10BD000000680040E3
:10EAA000C0C2012008B500BF002000901E480068C9
:10EAB00040F400101C4908600846006800F400108B
:10EAC000009000BF00BF00BF002000900846006813
:10EAD00040F4800008600846006800F48000009060
:10EAE00000BF00BF002205210C20FCF707FC0C2012
:10EAF000FCF7F0FB002205213820FCF7FFFB382053
:10EB0000FCF7E8FB002205213A20FCF7F7FB3A204E
:10EB1000FCF7E0FB002205213B20FCF7EFFB3B204C
:10EB2000FCF7D8FB08BD00003038024000B59DB0AE
:10EB30001C22184916A8F1F72DFD002116A805F092
:10EB4000E6FB154908601C2212491C310FA8F1F799
:10EB500021FD00210FA805F0DAFB104908601C22F6
:10EB60000C49383108A8F1F715FD002108A805F077
:10EB7000CEFB0B4908601C220649543101A8F1F76D
:10EB800009FD002101A805F0C2FB064908601DB07F
:10EB900000BD0000605F010800C0012004C001202A
:10EBA00008C001200CC0012000B587B0142102A8C4
:10EBB000F1F74CFD00BF002001908648006840F04E
:10EBC0000200844908600846006800F002000190D5
:10EBD00000BF00BF00BF002001900846006840F061
:10EBE000400008600846006800F04000019000BF47
:10EBF00000BF00BF002001900846006840F00100FF
:10EC000008600846006800F00100019000BF00BFE6
:10EC100000BF002001900846006840F0080008602E
:10EC20000846006800F00800019000BF00BF00BF68
:10EC3000002001900846006840F004000860084683
:10EC4000006800F00400019000BF00BF00BF00207A
:10EC500001900846006840F480700860084600682B
:10EC600000F48070019000BF00BF00BF0020019041
:10EC70000846006840F0800008600846006800F020
:10EC80008000019000BF00BF00BF00200190084637
:10EC9000006840F0200008600846006800F020008E
:10ECA000019000BF00BF00BF00200190084600682F
:10ECB00040F0100008600846006800F01000019065
:10ECC00000BF00BF002289154348FCF70BFA012260
:10ECD00010214248FCF706FA00224FF44051404808
:10ECE000FCF700FA012211463D48FCF7FBF94020F1
:10ECF0000290002003900120049002A93948FCF7FB
:10ED0000EFF84FF4807002900120039000200490EF
:10ED1000059002A93048FCF7E3F84020029000205B
:10ED200003900120049002A92B48FCF7D9F8012098
:10ED300002904FF4881003900020049002A9274805
:10ED4000FCF7CEF8102002900120039004900220DE
:10ED5000059002A92148FCF7C3F8302002904FF437
:10ED6000041003900020049002A91B48FCF7B8F897
:10ED70004FF4D0400290002003900120049002A99B
:10ED80001948FCF7ADF84FF4405002900120039071
:10ED900000200490059002A91148FCF7A1F8012079
:10EDA0000290039004900220059002A90C48FCF701
:10EDB00097F84FF440400290022003900020049006
:10EDC000032005900520069002A90548FCF788F865
:10EDD00007B000BD30380240000802400000024089
:10EDE00000040240002002400010024010B50F480D
:10EDF0000F4908604FF48270486000210C48816020
:10EE0000C16002210161012141614902816110213A
:10EE1000C16100210162416281620A21C162FDF784
:10EE200013FE08B1FBF7AFF810BD00000030014041
:10EE3000E8C2012000B587B01C216846F1F706FC46
:10EE4000154816490860A7204860002113488160D2
:10EE50004CF25031C160002101618161FDF7A2FFD8
:10EE600008B1FBF790F80D48FEF7ABFA08B1FBF7D5
:10EE70008AF8602000900020019002900490002207
:10EE800069460648FEF71BFA08B1FBF77CF8034811
:10EE9000FEF796F907B000BD0044014090C4012080
:10EEA00000B595B0002011901290139014900F901F
:10EEB00010901C2108A8F1F7C9FB20216846F1F742
:10EEC000C5FB2B482B490860A72048600021294832
:10EED000816044F61F61C1600021016141618021B0
:10EEE0008161FDF75FFF08B1FBF74DF84FF48050EB
:10EEF000119011A91F48FEF725F808B1FBF743F858
:10EF00001C48FEF75EFA08B1FBF73DF800200F90B1
:10EF100010900FA91748FDF7EBFE08B1FBF733F887
:10EF200060200890002009900A900B900C900D90A2
:10EF30000E90002208A90F48FEF7C1F908B1FBF7AF
:10EF400022F80020009001900290039004904FF46A
:10EF5000005005900020079069460648FDF78EFE98
:10EF600008B1FBF710F80348FEF72AF915B000BD09
:10EF70000000014000C4012000B58DB000200990C0
:10EF80000A900B900C90079008901C216846F1F7AE
:10EF90005DFB1F481F4908605320486000211D4841
:10EFA0008160F921C160002101618161FDF7FAFEF4
:10EFB00008B1FAF7E8FF4FF48050099009A9154805
:10EFC000FDF7C0FF08B1FAF7DEFF1248FEF7F9F9C6
:10EFD00008B1FAF7D8FF00200790089007A90D485C
:10EFE000FDF786FE08B1FAF7CEFF60200090002002
:10EFF000019002900490082269460648FEF75FF9E6
:10F0000008B1FAF7C0FF0348FEF7DAF80DB000BD0B
:10F010000008004048C4012010B50A480A490860A9
:10F020000A484860002108488160C16001610C21E4
:10F03000416100218161C161FEF7D8FD08B1FAF795
:10F04000A2FF10BD00100140D8C4012040420F00B3
:10F0500010B50B480B4908600B484860002109486F
:10F060008160C1604FF4806101610C214161002128
:10F070008161C161FEF7BAFD08B1FAF784FF10BDE6
:10F080000048004020C50120A086010010B50B48B3
:10F090000B4908604FF41650486000210848816011
:10F0A000C16001610C21416100218161C161FCF7F6
:10F0B00025F808B1FAF767FF10BD00000014014001
:10F0C00068C5012010B500220D490E4801F09DFED3
:10F0D00008B1FAF758FF0C490A4802F0D8F908B10C
:10F0E000FAF751FF0949074801F096FA08B1FAF713
:10F0F0004AFF044802F0CEFA08B1FAF744FF10BD07
:10F100008800002068CE0120FC000020D8000020EC
:10F1100000BFFEE700BFFEE710B50248FCF72FFB7B
:10F1200010BD0000E48900202DE9F04704460D469B
:10F1300026683746D6F8408007F5306000EB45106A
:10F14000D0F80890104880450BD909F40040B0F57C
:10F15000004F06D14FF4004107F5306000EB451039
:10F1600081602046FCF7C6FF0748804508D9A07992
:10F17000012805D104F29C420121206802F08EFF93
:10F180000020BDE8F08700000A30544F2DE9F04719
:10F1900005460C46D5F800904E46D9F840A006F535
:10F1A000306000EB4410D0F80880A879012855D1D0
:10F1B00008F0080008280FD1434882450BD908F40D
:10F1C0000040B0F5004F7BD14FF4004106F53060B0
:10F1D00000EB4410816073E008F02000202806D185
:10F1E000202106F5306000EB4410816068E008F0F3
:10F1F0002800002864D1344882450CD908F4004026
:10F20000B0F5004F07D14FF4004106F5306000EB38
:10F210004410816054E004EBC40105F5157000EB67
:10F22000810706F5306000EB4410396A0069C0F3CD
:10F230001200081A786164B9386930B905F29C4245
:10F240000121286802F02AFF03E07969F868084480
:10F25000F860E1B22846FCF7E7F831E01B48824548
:10F260001BD108F40040B0F5004F07D14FF4004126
:10F2700006F5306000EB4410816021E008F02000CA
:10F28000202805D1202106F5306000EB4410816074
:10F29000E1B22846FCF7C8F812E06CB904EBC401EF
:10F2A00005F5157000EB8100006928B905F29C4254
:10F2B0000021286802F0F2FEE1B22846FCF7B4F81B
:10F2C0000020BDE8F08700000A30544F0A31544F47
:10F2D0002DE9F84F07460E46D7F80090C84606EBD2
:10F2E000C60107F1140000EB8104D4E90410884240
:10F2F00002D90120BDE8F88FD4E90401451AA068BD
:10F30000A84200D2A568E81C4FEA900A17E0D4E9A9
:10F310000401451AA068A84200D2A568E81C4FEA7B
:10F32000900AB879ABB2F2B200904846E16803F0B7
:10F330001BFEE0682844E06060692844606108F5CD
:10F34000106000EB4610806980B2504506D3D4E9C6
:10F350000410884202D220690028D8D1D4E90401DF
:10F3600088420ED806F00F01012000FA01FB40F69A
:10F37000340050F8080020EA0B0040F6340141F850
:10F3800008000020B6E7000010B52DED028B044602
:10F39000B0EE408AF0EE608A5A496069084010B1C8
:10F3A000204604F0BDFE04F16000FAF7DBFC84EDBA
:10F3B000190A84ED0B8AC4ED178A94ED170AD4ED6F
:10F3C0000B0A30EE600A84ED0D0A94ED0D0AB5EEDD
:10F3D000C00AF1EE10FA02DD94ED0D0A03E094ED9F
:10F3E0000D0AB1EE400AD4ED040AB4EEE00AF1EEE3
:10F3F00010FA65DD94ED000AD4ED0D0A20EE200A26
:10F4000084ED100A94ED010AD4ED0D0A20EE200AD5
:10F41000D4ED190A20EE200A84ED130A94ED0D0AAA
:10F42000D4ED0E0A30EE600AD4ED020A20EE200A76
:10F43000D4ED190A80EE201A84ED121A207D00F016
:10F44000400010B1204604F0C9FEA08A00F400403C
:10F4500010B1204604F024FD207D00F0080010B11A
:10F46000204604F0A2FD606900F4802010B120461F
:10F4700004F07AFD207D00F0010010B1204604F078
:10F48000A5FD94ED110AD4ED130A30EE200A84EDA7
:10F49000110A94ED100AD4ED110A30EE200AD4EDD1
:10F4A000120A30EE200A84ED140AA08A00F480507B
:10F4B00010B1204604F0F4FD204604F012FE07E0EF
:10F4C0009FED110A84ED140A9FED0F0A84ED130AD3
:10F4D00094ED0B0A84ED0C0A94ED140A84ED150AE0
:10F4E00094ED120A84ED160A94ED0D0A84ED0E0ACD
:10F4F00094ED130A84ED0F0A94ED140ABDEC028B0F
:10F5000010BD0000809698000000000001460B48E6
:10F5100000680B4A1268904201D1002070470948E8
:10F52000074A1268805C087005480068401CC0F3F8
:10F530000900034A10600120F0E70000D4C1012057
:10F54000D8C10120D804002010B5A820FAF758FC33
:10F5500010BD000010B50248FDF7C8F910BD00004D
:10F56000E8C2012070B50546AC6B0020E087E0865C
:10F570002046FDF7B9F970BD30B501460A4613784B
:10F58000521C147843EA042030BD00BF012004F06F
:10F59000ADFEFBE710B500BF502080F31188BFF32C
:10F5A0004F8FBFF36F8F00BF06F07AF818B14FF09E
:10F5B00080500449086000BF002080F3118800BF1C
:10F5C00010BD000004ED00E000B593B0302107A8A5
:10F5D000F1F73CF8142102A8F1F738F800BF002039
:10F5E00001902448006840F0805022490860084695
:10F5F000006800F08050019000BF00BF00BF0020F5
:10F6000001901D48006840F480401B49086008468E
:10F61000006800F48040019000BF00BF0120079007
:10F620000004089002200D9041050E910C210F91CD
:10F630004FF4A8711091022111910721129107A88E
:10F64000FCF704FF08B1FAF79EFC0F20029002209D
:10F650000390002004904FF4A05005904FF4805088
:10F660000690052102A8FCF78FFD08B1FAF78BFC84
:10F6700013B000BD403802400070004003480068ED
:10F6800040F47000014908607047000088ED00E018
:10F6900010B50248FDF7DDFC10BD000070C601206A
:10F6A00010B502682B4B98420ED0B0F1804F0BD0B2
:10F6B000294B984208D0294B984205D0284B9842B4
:10F6C00002D0284B984203D122F070024B681A43B3
:10F6D000204B984220D0B0F1804F1DD01E4B984255
:10F6E0001AD01E4B984217D01D4B984214D01D4B78
:10F6F000984211D01C4B98420ED01C4B98420BD014
:10F700001B4B984208D01B4B984205D01A4B98428D
:10F7100002D01A4B984203D122F44072CB681A43AC
:10F7200022F080034C6943EA04028B68C3620B68D1
:10F730008362084B984202D00A4B984201D10B6970
:10F740000363036843F00403036001234361026021
:10F7500010BD00000000014000040040000800400F
:10F76000000C004000040140004001400044014002
:10F770000048014000180040001C004000200040EC
:10F7800030B501F01F05012404FA05F3046A9C4317
:10F790000462046A01F01F0502FA05F52C430462B5
:10F7A00030BD30B50C46816821F47F4142EA032523
:10F7B00025432943816030BD0A46816821F07001EC
:10F7C00042F00703194381607047000030B5026AB8
:10F7D000056A25F0010505624368846924F0700418
:10F7E00024F003040D682C4322F002028D682A43A2
:10F7F000104DA84200D103E00F4DA84206D100BF32
:10F8000022F00802CD682A4322F00402094DA842E2
:10F8100002D0094DA84207D123F4807323F400736A
:10F820004D692B438D692B43436084614D6845636B
:10F83000026230BD000001400004014030B5026AA0
:10F84000056A25F0100505624368846924F4E044E4
:10F8500024F440740D6844EA052422F020028D68E7
:10F8600042EA0512124DA84200D103E0114DA84210
:10F8700007D100BF22F08002CD6842EA051222F0D3
:10F8800040020B4DA84202D00A4DA84209D123F4F0
:10F89000806323F400634D6943EA85038D6943EA7D
:10F8A0008503436084614D688563026230BD00005A
:10F8B000000001400004014030B5026A056A25F4E9
:10F8C000807505624368C46924F0700424F0030461
:10F8D0000D682C4322F400728D6842EA0522124D15
:10F8E000A84200D103E0114DA84207D100BF22F485
:10F8F0000062CD6842EA052222F480620A4DA842E5
:10F9000002D00A4DA84209D123F4805323F40053B6
:10F910004D6943EA05138D6943EA05134360C461E9
:10F920004D68C563026230BD000001400004014023
:10F9300030B5036A056A25F4805505624468C269DA
:10F9400022F4E04222F440720D6842EA052223F4D8
:10F9500000538D6843EA0533084DA84202D0084D94
:10F96000A84204D124F480444D6944EA85144460DB
:10F97000C2614D680564036230BD000000000140B3
:10F980000004014030B50B461446026A056A25F0B2
:10F9900001050562816921F0F00141EA041122F0BC
:10F9A0000A021A438161026230BD30B50B4614462B
:10F9B000026A056A25F010050562816921F470412B
:10F9C00041EA043122F0A00242EA0312816102629C
:10F9D00030BD70B50446A56B0020E8852846FDF7CC
:10F9E0003FFF70BD70B506460025B46B20684069C6
:10F9F000C0F3C01594F84100212805D125B100209D
:10FA0000E084204600F0FBF820684069C0F38015D0
:10FA100094F84200222805D125B10020E085204637
:10FA200000F0A7F8606C40F0100060642046FDF71D
:10FA300017FF70BD70B50546AC6B2868006800F410
:10FA40008070002842D1E08500BF00BF21680C31E2
:10FA500051E8001F21F4807021680C3141E8000258
:10FA6000002AF3D100BF00BF00BF2168143151E864
:10FA7000001F21F001002168143141E80002002A32
:10FA8000F3D100BF00BF00BF2168143151E8001F4F
:10FA900021F040002168143141E80002002AF3D12E
:10FAA00000BF202084F84200206B01280ED100BF47
:10FAB00000BF21680C3151E8001F21F010002168BF
:10FAC0000C3141E80002002AF3D100BF002060633E
:10FAD000206B012804D1A18D2046FDF7C7FD02E06F
:10FAE0002046FEF7FDF970BD70B50546AC6B0120F0
:10FAF0006063206B012805D1A08D41082046FDF7E9
:10FB0000B5FD02E02046FEF7F8F970BD70B5054678
:10FB1000AC6B2868006800F48070F8B90020E084BD
:10FB200000BF00BF2168143151E8001F21F08000A0
:10FB30002168143141E80002002AF3D100BF00BF60
:10FB400000BF21680C3151E8001F41F040002168DE
:10FB50000C3141E80002002AF3D102E02046FEF712
:10FB600037FA70BD70B50446A56B2846FEF73CFA1F
:10FB700070BD00BF00BF02680C3252E8002F22F4B3
:10FB8000907102680C3242E80013002BF3D100BFE1
:10FB900000BF00BF0268143252E8002F22F00101BA
:10FBA0000268143242E80013002BF3D100BF016B4E
:10FBB00001290ED100BF00BF02680C3252E8002FAD
:10FBC00022F0100102680C3242E80013002BF3D13E
:10FBD00000BF202180F8421000210163704710B55A
:10FBE00004462068C06820F040002168C8602020DA
:10FBF00084F841002046FEF7EBF9002010BD00BF5D
:10FC000000BF02680C3252E8002F22F0C0010268E7
:10FC10000C3242E80013002BF3D100BF202180F802
:10FC200041107047F8B504460025002694F84200BC
:10FC3000222873D1A068B0F5805F0BD1206948B944
:10FC4000A66A20684068C0F308003080A06A801C63
:10FC5000A06214E0A56AA068B0F5805F03D0A06838
:10FC600028B9206918B920684068287004E0206825
:10FC7000406800F07F002870A06A401CA062E08D00
:10FC8000401E80B2E085002846D12068C06820F080
:10FC900020002168C8602068C06820F48070216856
:10FCA000C8602068406920F0010021684861202078
:10FCB00084F8420000206063206B012826D10020D8
:10FCC000206300BF00BF21680C3151E8001F21F004
:10FCD000100021680C3141E80002002AF3D100BF76
:10FCE0002068006800F0100010280AD100BF002032
:10FCF000009020680068009020684068009000BF75
:10FD000000BFA18D2046FDF7B1FC02E02046FEF7C2
:10FD1000E7F80020F8BD01E00020FBE70220F9E74A
:10FD20002DE9F84F04462068006920F44050E1684E
:10FD30000843216808612169A06808436169084394
:10FD4000E169084300902068C06849F20C6188436B
:10FD5000009908432168C8602068406920F4407019
:10FD6000A16908432168486176492068884203D028
:10FD700075492068884203D1FCF700FB814602E008
:10FD8000FCF7ECFA8146E069B0F5004F6CD1022037
:10FD90006168A0FB015003461920A9FB00700146D1
:10FDA0002A463846F0F73AFB6421B0FBF1F04FEAFF
:10FDB000001A02206168A0FB01510B461920A9FB23
:10FDC00000712A463846F0F729FB83460220616815
:10FDD000A0FB015003461920A9FB00712A463846B2
:10FDE000F0F71CFB6421B0FBF1F000EBC00101EB6C
:10FDF0000010ABEB8000322101EBC0006421B0FBAE
:10FE0000F1F000F0F8000AEB400A02206168A0FB64
:10FE1000015003461920A9FB007001462A463846C6
:10FE2000F0F7FCFA834602206168A0FB015003460C
:10FE30001920A9FB00712A463846F0F7EFFA642131
:10FE4000B0FBF1F000EBC00101EB0010ABEB800068
:10FE5000322101EBC0006421B0FBF1F000F007009B
:10FE60005044216888606AE004206168A0FB01506A
:10FE700003461920A9FB007001462A463846F0F7D0
:10FE8000CDFA824604206168A0FB01500346192088
:10FE9000A9FB007001462A463846F0F7BFFA6421F4
:10FEA000B0FBF1F000EBC00101EB0010AAEB800009
:10FEB000322101EB00106421B0FBF1F000F0F00AF8
:10FEC00004206168A0FB017003461920A9FB0051C2
:10FED0003A462846F0F7A2FA6421B0FBF1F00AEBAB
:10FEE000001A04206168A0FB01510B461920A9FBF0
:10FEF00000712A463846F0F791FA8346042061687B
:10FF0000A0FB015003461920A9FB007001462A46B8
:10FF10003846F0F783FA6421B0FBF1F000EBC00142
:10FF200001EB0010ABEB8000322101EB00106421EB
:10FF3000B0FBF1F000F00F00504421688860BDE88C
:10FF4000F88F0000001001400014014077B581B027
:10FF5000044615460298A062A58500206064222010
:10FF600084F842002C48E16BC8632C48E16B0864BC
:10FF70002B48E16BC8640020E16B086502AE326873
:10FF80002368191D2B46E06BFAF74CFF38B110209F
:10FF90006064202084F84200012004B070BD00BFDE
:10FFA0000020009020680068009020684068009061
:10FFB00000BF00BF206970B100BF00BF21680C31D5
:10FFC00051E8001F41F4807021680C3141E80002C3
:10FFD000002AF3D100BF00BF00BF2168143151E8EF
:10FFE000001F41F001002168143141E80002002A9D
:10FFF000F3D100BF00BF00BF2168143151E8001FDA
:020000040801F1
:1000000041F040002168143141E80002002AF3D198
:1000100000BF0020C1E7000035FA0008E9FA000837
:10002000E5F90008014691F84100212828D18868A7
:10003000B0F5805F0BD1086948B90A6A1088C0F32F
:1000400008000B685860086A801C086205E00B6AAB
:10005000581C086218780B685860C88C401E80B223
:10006000C88458B90868C06820F080000B68D86060
:100070000868C06840F040000B68D86000207047F6
:100080000220FCE710B50248FDF72CFC10BD000073
:1000900068C50120024600210BE0094800EB011071
:1000A0000068904203D1064800EB01107047481CDD
:1000B000C1B2044800788142EFDB0020F6E700007F
:1000C0004804002021C0012070B504460CB120680E
:1000D00008B9002070BD2068FFF7DCFF05462DB190
:1000E00094E80F0085E80F000120F3E70948007845
:1000F000032801D30020EDE7064801780078401C72
:10010000044A1070044800EB011094E84E004EC001
:100110000120DFE721C00120480400202DE9F04143
:1001200004460D46D4F8C87204F53070D4F8D412E1
:1001300050F8210010B90320BDE8F08104F53070BB
:10014000D4F8D41250F8216005F00F0000EB8001C4
:1001500004F1140050F8210028B305F00F0000EB63
:10016000800104F1140050F8211005F00F0000EB9D
:10017000C00207F1140000EB82008068B1FBF0F2CE
:1001800000FB121078B9002105F00F0000EB80028F
:1001900004F1140040F8221000231A462946204694
:1001A00001F042F917E00020C6F8140204F531709E
:1001B000D4F8D41250F82100006960B1D6F80802D2
:1001C00004F53171D4F8D42251F822102A460B6973
:1001D00006F5047198470020AEE770B504460E4658
:1001E00004F53070D4F8D41250F82150D4F8D41259
:1001F00050F8210008B9032070BD3146204600F0B8
:100200006AFFC5F80C02D5F8040204F53171D4F880
:10021000D43251F82310CA6805F5037190470020C5
:10022000EAE7000070B504460D46304801782046E4
:1002300000F01BFE00212D48007800F00F0000EBBD
:10024000800204F1140000EB8200C1732848017899
:10025000204600F00AFE00212548007800F00F003B
:1002600000EB800204F5AA7000EB8200C173214804
:100270000178204600F0F9FD00211E48007800F0CA
:100280000F0000EB800204F1140000EB8200C17348
:100290001848007800F00F0000EB800204F1140011
:1002A00000EB8200816004F53070D4F8D41250F86D
:1002B0002100C8B104F53171D4F8D42251F82210CC
:1002C0004868804704F53071D4F8D42251F82200F0
:1002D00001F0D6FB002104F53070D4F8D42240F8A8
:1002E00022100020C4F8BC02002070BD770100205D
:1002F000780100207901002070B5044604F53070C3
:10030000D4F8D41250F821500DB9032070BD04F573
:100310003170D4F8D41250F8210098B195F8000249
:10032000FF280FD095F8012295F8000204F53171ED
:10033000D4F8D46251F826108B6829469847FF20DC
:1003400085F800020020E1E701460A200880014804
:1003500070470000F00000202DE9F04104468221A2
:100360000D4800F09EFC054601210B4800F099FC69
:1003700006468121084800F094FC07460DB1102084
:10038000A8710EB14020B0800FB14020B88043204A
:1003900020800148BDE8F081340100202DE9F041C2
:1003A000044682210E4800F07CFC054601210C48E1
:1003B00000F077FC06468121094800F072FC0746F0
:1003C0000DB11020A87116B14FF40070B08017B1B4
:1003D0004FF40070B880432020800148BDE8F081D0
:1003E000340100202DE9F041044682210D4800F03F
:1003F00058FC054601210B4800F053FC06468121BC
:10040000084800F04EFC07460DB11020A8710EB14F
:100410004020B0800FB14020B880432020800148A8
:10042000BDE8F0813401002070B504460E464FF45B
:10043000077001F027FB054645B9002104F530702F
:10044000D4F8D42240F82210022070BD4FF4077176
:100450002846F0F7FBF804F53070D4F8D41240F8D1
:100460002150D4F8D41250F82100C4F8BC02207CEA
:1004700098BB4FF40073022250480178204600F0E8
:10048000CBFE01214D48007800F00F0000EB800208
:1004900004F1140000EB8200C1734B0202224848B1
:1004A0000178204600F0B8FE01214548007800F0B0
:1004B0000F0000EB800204F5AA7000EB8200C1730C
:1004C00010214048007800F00F0000EB800204F19A
:1004D000140000EB8200816032E0FFE7402302223B
:1004E00036480178204600F097FE01213348007815
:1004F00000F00F0000EB800204F1140000EB82001A
:10050000C173402302222E480178204600F084FE69
:1005100001212B48007800F00F0000EB800204F569
:10052000AA7000EB8200C17310212648007800F009
:100530000F0000EB800204F1140000EB82008160E8
:10054000082303221F480178204600F065FE0121A0
:100550001C48007800F00F0000EB800204F114004A
:1005600000EB8200C1730020C5F8040204F531716C
:10057000D4F8D42251F82210086880470020C5F82A
:100580001402C5F81802D5F8040208B902205CE785
:10059000207C48B94FF40073094801782046D5F80B
:1005A000042200F051FE07E0402305480178204670
:1005B000D5F8042200F048FE002046E7770100202D
:1005C000780100207901002070B5044604F53070F0
:1005D000D4F8D41250F82150D4F8D41250F8210095
:1005E00008B9032070BD207C48B94FF40073094856
:1005F00001782046D5F8042200F026FE07E04023CB
:10060000044801782046D5F8042200F01DFE0020A1
:10061000E8E7000078010020024609B9032070478E
:1006200002F53170D2F8D43240F823100020F6E7FA
:1006300010B5024602F53070D2F8D44250F824309A
:100640000BB9032010BDC3F804120020FAE730B53F
:1006500003460C4603F53070D3F8D45250F82510F9
:1006600009B9032030BDC1F80842C1F810220020AA
:10067000F8E72DE9FC4105460C4605F53070D5F844
:10068000D41250F82160002001900090804616B9E5
:100690000320BDE8FC81207800F0600000283DD0F8
:1006A00020287CD1E08868B3207800F08000B8B1C1
:1006B000E288607805F53171D5F8D4C251F82C1074
:1006C0008B6831469847E088072801D9072000E069
:1006D000E08807463A463146284600F012F91CE009
:1006E000607886F80002E088402801D2E08800E0C7
:1006F000402086F8010296F801223146284600F093
:10070000DCF80AE0607805F53171D5F8D42251F8AB
:10071000221000228B682146984747E0607830B16C
:10072000012832D00A2813D00B282FD121E095F8C8
:100730009C02032805D102226946284600F0E1F810
:1007400005E02146284600F0ACF84FF0030824E00D
:1007500095F89C02032805D1012201A9284600F042
:10076000D0F805E02146284600F09BF84FF003083A
:1007700013E095F89C02032805D02146284600F096
:1007800090F84FF0030808E009E006E0214628460B
:1007900000F087F84FF0030800BF00BF06E02146D5
:1007A000284600F07EF84FF0030800BF00BF404627
:1007B0006FE7000070B5054605F53070D5F8D41226
:1007C00050F8214001260CB9032070BDD4F8140262
:1007D000C0B90120C4F814020B48007800F00F00E3
:1007E00000EB800205F11400D4F8101240F822103A
:1007F000054801782846D4F81032D4F8082200F0D1
:1008000013FE00263046E0E77701002070B504466D
:100810000D460026D4F8B802294642682046904783
:1008200000B10326304670BD70B504460D4694F8FD
:100830009C02012804D0022803D003280CD101E037
:1008400000BF00BF6888012805D10020C4F8A402B9
:10085000204600F068F804E02946204600F021F820
:1008600000BF00BF70BD0246002070470246002056
:10087000704770B506460C4615462B4622460021A9
:10088000304600F0E1FC002070BD70B506460C4615
:1008900015462B4622460021304600F0C5FD0020BB
:1008A00070BD70B504460D468021204600F08CFDD9
:1008B0000021204600F088FD70BD70B504460E464C
:1008C00015460320C4F89402C4F854514FF4B27092
:1008D00006514FF4AC7005512B463246002120469C
:1008E00000F0B2FC002070BD10B504460520C4F82D
:1008F000940200231A461946204600F0A5FC002069
:1009000010BD70B504460E4615460220C4F8940288
:1009100065616662A5612B4632460021204600F0E3
:1009200083FD002070BD10B504460420C4F8940275
:1009300000231A461946204600F076FD002010BD1F
:1009400070B505460C462DB92246064906A000F0B2
:1009500012FA04E02246034903A000F00CFA014811
:1009600070BD0000E477002043444320436F6E666F
:1009700069670000024612200880014870470000A5
:10098000A400002070B505460C462DB92246064944
:1009900006A000F0F0F904E02246034903A000F0AD
:1009A000EAF9014870BD0000E47700204344432089
:1009B000496E74657266616365000000024604203A
:1009C0000880014870470000B800002070B5054657
:1009D0000C462246024903A000F0CDF9004870BD44
:1009E000E477002053544D6963726F656C656374DE
:1009F000726F6E696373000070B505460C462DB9C1
:100A00002246064906A000F0B6F904E02246034952
:100A100003A000F0B0F9014870BD0000E4770020A9
:100A200053544D3332205669727475616C20436F94
:100A30006D506F727400000070B505460C461A20A8
:100A40002080F9F7A5FA014870BD0000BC00002025
:100A500070B504460D46E888012804D02946204692
:100A6000FFF71FFF1EE094F89C02012804D0022823
:100A700003D0032810D109E000BF0020A0600122AC
:100A800004F108012046FFF73CFF0AE00122211D86
:100A90002046FFF736FF04E029462046FFF701FF16
:100AA00000BF00BF70BDF8B504460E4600200090A0
:100AB0000027002570880012082875D2DFE800F0B2
:100AC000C7040C20C7C7A5B5207CD4F8B4120A68A7
:100AD000694690470746C1E0207C40B9D4F8B80287
:100AE000816A6846884707460220787007E0D4F894
:100AF000B802C16A68468847074602207870ADE0B0
:100B0000B078062878D2DFE800F00316293C50635D
:100B1000D4F8B402406838B1207CD4F8B4124A68E2
:100B200069469047074605E031462046FFF7B9FE83
:100B3000681CC5B267E0D4F8B402806838B1207C84
:100B4000D4F8B4128A6869469047074605E03146F2
:100B50002046FFF7A6FE681CC5B254E0D4F8B402E4
:100B6000C06838B1207CD4F8B412CA68694690478E
:100B7000074605E031462046FFF793FE681CC5B2E4
:100B800041E0D4F8B402006938B1207CD4F8B41242
:100B90000A6969469047074605E031462046FFF757
:100BA00080FE681CC5B22EE051E0D4F8B402406962
:100BB00038B1207CD4F8B4124A6969469047074698
:100BC00005E031462046FFF76CFE681CC5B21AE00E
:100BD000D4F8B402806940B1207CD4F8B4128A6998
:100BE00069469047074606E006E031462046FFF793
:100BF00058FE681CC5B206E031462046FFF751FE9C
:100C0000681CC5B200BF00BF28E0207C30B9D4F812
:100C1000B802416B68468847074605E031462046E2
:100C2000FFF73FFE681CC5B218E0207C40B9D4F83D
:100C3000B802016B6846884707460720787005E0D0
:100C400031462046FFF72DFE681CC5B206E031464E
:100C50002046FFF726FE681CC5B200BF00BF05B1E5
:100C6000F8BDF088C0B1BDF8000080B1F088BDF8D3
:100C70000010884202DDBDF8000000E0F08800901E
:100C8000BDF8002039462046FFF73BFE07E031461D
:100C90002046FFF706FE02E02046FFF744FE00BFB5
:100CA000DEE72DE9F84105460F462C462E464FF06B
:100CB000000870883178884218DD307800900FE0A5
:100CC0006946204600F020F804466078052807D1E0
:100CD000A04698F80200B84200D106E04FF00008A4
:100CE0007088BDF800108842EADC00BF4046BDE8CD
:100CF000F881014600200A4602E0431CD8B2521C8B
:100D00001378002BF9D1704710B5024610460B88B6
:100D1000047823440B800378981810BD70B50446FE
:100D20000D4694F89C02012804D0022803D0032821
:100D30001AD101E000BF00BFE888022804D029468C
:100D40002046FFF7AEFD14E00120E060D4F8A402D5
:100D500018B1E06840F00200E060022204F10C01EA
:100D60002046FFF7CEFD04E029462046FFF799FD17
:100D700000BF00BF70BD2DE9F04107460D4690460B
:100D800000240FB9BDE8F0813E463046FFF7B1FFC1
:100D9000022101EB4000B0F5007F01D9080204E018
:100DA0003046FFF7A6FF4000801CA8F8000098F826
:100DB00000002855601CC4B203202855601CC4B232
:100DC00008E030782855761C601CC4B200202855F5
:100DD000601CC4B230780028F3D100BFD2E70146CE
:100DE000002031B1012906D0022906D0032908D1FB
:100DF00005E0002007E0032005E0012003E00320D8
:100E000001E0032000BF00BF70472DE9F041044618
:100E10000D46164614B90320BDE8F0810020C4F841
:100E2000B802C4F8C402C4F8D0020DB1C4F8B45278
:100E3000012084F89C022670204600F055F90746F0
:100E40003846E9E72DE9F04104460D460026002723
:100E50002946D4F8C802FAF754FB06463046FFF795
:100E6000BEFF07463846BDE8F0812DE9F041044653
:100E70000D46002600272946D4F8C802FAF70CFBD5
:100E800006463046FFF7ABFF07463846BDE8F0811F
:100E90002DE9F04705460F469146002F5AD105F13E
:100EA0001404D5F8940202284AD1A18960688842C6
:100EB00013D9A1896068401A6060A189206908443B
:100EC0002061284662682169FFF7DFFC00231A468B
:100ED0001946284600F0B8F932E0A08961688842D6
:100EE00017D1A1892068884213D32068D5F89812B9
:100EF00088420ED2002211462846FFF7C6FC002089
:100F0000C5F8980200231A461946284600F09CF9B5
:100F100016E095F89C0203280BD1D5F8B802C068FA
:100F200038B10020C5F8D402D5F8B802C168284607
:100F300088478021284600F047FA2846FFF7D4FC6E
:100F400095F8A00250B3284600F0C5FA002085F8B5
:100F5000A00223E047F080012846FFF784FC064604
:100F6000FF2E1BD0D6B995F89C02032816D105F5A3
:100F70002E7050F82600406980B1C5F8D46205F59E
:100F80002E7050F826003946426928469047804620
:100F9000B8F1000F02D04046BDE8F0870020FBE723
:100FA0002DE9F04705460F4691464FF00008002F07
:100FB00055D105F5AA76D5F89402032873D1B189E5
:100FC0007068884214D9B1897068401A7060B1891C
:100FD000306908443061B3897068984201D97068FB
:100FE00000E0B089024628463169FFF742FC5AE02A
:100FF00095F8AA0200F01F0020B1012804D00228B1
:1010000012D109E0002411E040F2AE20415D2846F3
:10101000FFF72CFC044609E040F2AE20415D284673
:10102000FFF721FC044601E0002400BF00BF94B993
:1010300095F89C0203280ED105F52E7050F8240077
:10104000006940B1C5F8D44205F52E7050F824006F
:101050000169284688472846FFF765FC23E007F02A
:101060007F012846FFF7FFFB0446FF2C1BD0D4B9B5
:1010700095F89C02032810D105F52E7050F8240035
:10108000806950B1C5F8D44205F52E7050F824009F
:1010900039468269284690478046B8F1000F02D051
:1010A0004046BDE8F0870020FBE70146002070477E
:1010B00070B504460025012084F89C02D4F8B802DB
:1010C00038B12179D4F8B80242682046904700B17F
:1010D0000325284670BD70B504460D462946D4F850
:1010E000C802FAF76EFA70BD10B5044620780028E1
:1010F0002AD11648C0F8E044C4F8C8024FF0A04016
:10110000124908600420087102211048C1710021B1
:1011100081710221417200218172C1720173817358
:10112000C173FAF7A3FE08B1F8F72DFF8021074835
:10113000FAF737F9402200210448FAF737F98022FC
:1011400001210248FAF732F9002010BDE48900209D
:1011500010B50246D2F8C83201F08000802809D1CB
:1011600001F07F0000EBC00403F1140000EB8400E9
:10117000807810BD01F07F0000EBC00403F515700E
:1011800000EB84008078F4E770B504460D4604F562
:101190002E70D4F8D41250F8210008B9032070BD85
:1011A00094F89C02032811D104F52E70D4F8D412BF
:1011B00050F82100006A48B104F52E70D4F8D4121A
:1011C00050F821002946026A204690470020E6E7B1
:1011D00070B504460D4604F52E70D4F8D41250F8BC
:1011E000210008B9032070BD94F89C02032811D196
:1011F00004F52E70D4F8D41250F82100406A48B19A
:1012000004F52E70D4F8D41250F821002946426A11
:10121000204690470020E6E72DE9F04704460F46B8
:1012200015461E464FF00008C1462B463246394649
:10123000D4F8C802FAF7D0F980464046FFF7CFFD50
:1012400081464846BDE8F0872DE9F04704460D4643
:1012500016461F464FF00008C1463B463246294617
:10126000D4F8C802FAF7FFF980464046FFF7B7FD09
:1012700081464846BDE8F08770B504460025012048
:1012800084F89C020020C4F894026060C4F8A402B0
:1012900084F8A002D4F8B80258B1D4F8B802406873
:1012A00038B12179D4F8B80242682046904700B19D
:1012B00003254023002211462046FFF7ADFF012100
:1012C00040F2631001554021C01E0153402300220B
:1012D00080212046FFF7A0FF012123200155402156
:1012E0002184284670BD014691F89C02042803D150
:1012F00091F89D0281F89C020020704710B50446C9
:1013000094F89C0203280BD1D4F8B80240B1D4F869
:10131000B802C06920B1D4F8B802C1692046884734
:10132000002010BD02461174002070472DE9F041E5
:1013300004460D46002600272946D4F8C802FAF7CD
:10134000BFFE06463046FFF74AFD07463846BDE871
:10135000F08170B504460D46294604F2AA2000F03B
:101360007BF80120C4F894024FF42C70005BC4F8A1
:10137000980294F8AA0200F01F0020B1012809D0B9
:10138000022815D10DE004F2AA21204600F088F9C8
:10139000064616E004F2AA21204600F01AFB064693
:1013A0000FE004F2AA21204600F0D1F9064608E039
:1013B00094F8AA0200F08001204600F005F80646E5
:1013C00000BF00BF304670BD2DE9F04104460D4618
:1013D000002600272946D4F8C802FAF767F906461E
:1013E0003046FFF7FCFC07463846BDE8F08170B593
:1013F000044600250026D4F8C802FAF784FE054604
:101400002846FFF7ECFC0646304670BD014691F8D1
:101410009C02042803D091F89C0281F89D020420CC
:1014200081F89C02002070472DE9F04704460D46E4
:1014300016461F464FF00008C1463B463246294635
:10144000D4F8C802FAF777F980464046FFF7C7FCA0
:1014500081464846BDE8F08770B505460E463446DD
:1014600020782870641C20786870641C2046FEF781
:1014700083F86880641C641C2046FEF77DF8A88011
:10148000641C641C2046FEF777F8E88070BD38B510
:1014900004460D46002000900DB9032038BDC4F865
:1014A000B85204F52E70D4F8D41250F82100C06A56
:1014B00050B104F52E70D4F8D42250F82200C16A3D
:1014C00068468847C4F8D002D4F8D802401CC4F853
:1014D000D8020020E2E701460020704770B50446BC
:1014E0000D46A88810BBE88800BB688880281DD2FC
:1014F000A87800F07F0694F89C02032804D12946BE
:101500002046FFF7CEF915E084F89E62314620466A
:10151000FFF70CFF2046FFF706FA1EB1022084F801
:101520009C0207E0012084F89C0203E02946204643
:10153000FFF7B7F970BD70B504460D460026D4F824
:10154000B80230B1D4F8B802294602682046904764
:101550000646304670BD000070B504460E460025B4
:10156000B0783D49087008460078012805D9314611
:101570002046FFF796F9032070BD94F89C020228DC
:1015800002D0032859D11FE033480078C0B1324857
:1015900000786060304801782046FFF7CCFF0546B0
:1015A0003DB131462046FFF77CF9022084F89C02C9
:1015B00009E02046FFF7B7F9032084F89C0202E017
:1015C0002046FFF7B0F943E02348007870B90220C5
:1015D00084F89C022048007860601F48017820460B
:1015E000FFF714F92046FFF79EF925E01A4909781C
:1015F000606888421DD021792046FFF707F9164818
:1016000000786060144801782046FFF794FF054693
:101610005DB131462046FFF744F921792046FFF7B6
:10162000F5F8022084F89C0206E02046FFF77BF9DB
:1016300002E02046FFF777F90AE031462046FFF73F
:1016400030F9054801782046FFF7E0F8032500BF90
:1016500000BF284690E70000EC00002070B505466A
:101660000C466088012805D1C5F8A4022846FFF77A
:101670005AF90EE06088022807D1A088001285F888
:10168000A0022846FFF74FF903E021462846FFF75E
:1016900008F970BD10B504462046FFF7A8FE10BD3E
:1016A00070B504460D460026287800F0600088B129
:1016B000202802D0402842D100E000BF04F52E705F
:1016C000D4F8D41250F82100294682682046904769
:1016D000064639E068780A282AD2DFE800F01A24A2
:1016E000291F290A0529150F29462046FFF7DBF98E
:1016F00023E029462046FFF7F1FE1EE0294620465A
:10170000FFF72AFF064618E029462046FFF7A0F912
:1017100013E029462046FFF701FB0EE0294620464C
:10172000FFF79CFF09E029462046FFF77DF804E01B
:1017300029462046FFF7B5F800BF00BF04E0294660
:101740002046FFF7AEF800BF00BF304670BD2DE960
:10175000F04705460F464FF000093C79387800F015
:101760006000F8B1202802D040287DD100E000BF01
:1017700021462846FFF777F80646FF2E11D086B996
:10178000C5F8D46205F52E7050F82600806840B187
:1017900005F52E7050F82600394682682846904795
:1017A000814612E1787800287AD001282FD00328CA
:1017B0006ED195F89C02022802D0032820D110E0B7
:1017C00054B1802C08D021462846FFF7FDFD80212A
:1017D0002846FFF7F9FD03E039462846FFF761F890
:1017E00013E0788840B93CB1802C05D0F88818B94E
:1017F00021462846FFF7E8FD2846FFF794F804E065
:1018000039462846FFF74DF800BF00BFD6E095F8EF
:101810009C02022802D003283BD110E054B1802C56
:1018200008D021462846FFF7CFFD80212846FFF744
:10183000CBFD03E039462846FFF733F82EE07888E1
:1018400020BB04F07F0018B121462846FFF7FAFAC2
:101850002846FFF768F821462846FFF704F80646B1
:10186000FF2E13D096B900E0AAE0C5F8D46205F5C2
:101870002E7050F82600806840B105F52E7050F8A3
:1018800026003946826828469047814606E007E0F0
:101890008FE039462846FFF704F800BF00BF8DE00F
:1018A00095F89C02022802D003287BD127E034B1AE
:1018B000802C04D039462846FEF7F3FF77E004F089
:1018C0008000802808D104F07F0000EB800105F142
:1018D000140000EB810007E004F07F0000EB8001C2
:1018E00005F5AA7000EB81008046002088F80E0004
:1018F000022208F10E012846FFF703F857E004F032
:10190000800080280ED104F00F0000EB800105F16B
:10191000140000EB8100C07B98B939462846FEF7D9
:10192000C0FF44E004F00F0000EB800105F5AA7051
:1019300000EB8100C07B20B939462846FEF7B1FF95
:1019400035E004F08000802808D104F07F0000EB2F
:10195000800105F1140000EB810007E004F07F0036
:1019600000EB800105F5AA7000EB810080460CB108
:10197000802C03D1002088F80E000CE02146284678
:10198000FFF7E6FB20B1012088F80E0003E009E034
:10199000002088F80E00022208F10E012846FEF70A
:1019A000B0FF04E039462846FEF77BFF00BF00BFCA
:1019B00004E039462846FEF774FF00BF00BF04E08C
:1019C00039462846FEF76DFF00BF00BF4846BDE818
:1019D000F0872DE9F04105460E460027307800F0EB
:1019E000600030B1202802D0402840D100E000BF84
:1019F00000BF95F89C02012804D0022803D00328D8
:101A00002ED101E000BF00BF3079012823D8317901
:101A10002846FEF72BFF0446FF2C14D09CB905F591
:101A20002E7050F82400806858B1C5F8D44205F5EE
:101A30002E7050F8240031468268284690470746A9
:101A400002E0032700E00327F08840B93FB92846A9
:101A5000FEF769FF03E031462846FEF722FF04E067
:101A600031462846FEF71DFF00BF00BF04E03146A7
:101A70002846FEF716FF00BF00BF3846BDE8F081DC
:101A8000704700000146014870470000C88E0020E2
:101A900070B504460B4622461978587801282CD197
:101AA00040F61C0080581D7805F00F060125B54052
:101AB000ADB2284340F61C05A85002F5106000EBBB
:101AC0004110006800F40040F0BB1889C0F30A0020
:101AD0001D7940EA854040EA815040F0805040F452
:101AE000004002F5106505EB41152D68284302F50D
:101AF000106505EB411528602DE040F61C0080586C
:101B00001D7805F00F060125B540144E06EA05457F
:101B1000284340F61C05A85002F5306000EB411048
:101B2000006800F4004078B91889C0F30A001D79F4
:101B300040EA854040F0805040F4004002F53065B6
:101B400005EB41152D6800E005E0284302F53065FE
:101B500005EB41152860002070BD00000000FFFF6C
:101B600001460A464FF410608058C30ADB024FF466
:101B70001060835040F60400805840F4807340F6B3
:101B8000040083500020704770B501F067FB0546E4
:101B900072B61848C06918490978184A1278114471
:101BA00008441449C861002015490870124908709A
:101BB00014490870114908701349087013490870D6
:101BC00013490860F9F794FA14301249086009487B
:101BD0008069401C0749886101200F4908700F483F
:101BE000D0F8BC4214B10020C4F8140205B962B6A2
:101BF00070BD0000B4040020DFC10120DDC1012060
:101C0000DEC10120DCC10120E0C10120E1C10120D1
:101C1000E4C10120E8C10120E2C1012068CE012019
:101C20000FB470B504469DF81900012818D1A06BB7
:101C300020F48030A063E0681B490840E060E06861
:101C400020F44010E0609DF82000012803D1E068F6
:101C500040F48010E060204600F028F8054613E0CC
:101C6000E06840F04000E060204600F01FF80546C4
:101C70009DF81D0020B9A06B40F48030A06303E004
:101C8000A06B20F48030A0639DF81600012807D1D6
:101C9000A06840F00600A060A06840F02000A060AE
:101CA000284670BC5DF814FBBFFFBDFF08B50146B8
:101CB0000020009000BF0098401C00900098B0F1F8
:101CC000706F01D9032008BD086900F000400028AA
:101CD000F1D00A20009002E00098401E0090009889
:101CE0000028F9D1086940F00100086100BF0098A0
:101CF000401C00900098B0F1706F01D90320E2E71A
:101D0000086900F001000028F1D100BFDBE7000006
:101D100070B504460B46224619785878012848D1F8
:101D200002F5106000EB4110006800F00040B0F1D7
:101D3000004F17D102F5106000EB4110006840F031
:101D4000006502F5106000EB4110056002F51060BF
:101D500000EB4110006840F0804502F5106000EB98
:101D60004110056040F63C0080581D7805F00F06D4
:101D70000125B540ADB2A84340F63C05A85040F659
:101D80001C0080581D7805F00F060125B540ADB246
:101D9000A84340F61C05A85002F5106000EB411066
:101DA00000682B4D284002F5106505EB41152860B1
:101DB0004BE002F5306000EB4110006800F000409D
:101DC000B0F1004F17D102F5306000EB4110006810
:101DD00040F0006502F5306000EB4110056002F54F
:101DE000306000EB4110006840F0804502F5306043
:101DF00000EB4110056040F63C0080581D7805F06E
:101E00000F060125B540134E06EA0545A84340F6E6
:101E10003C05A85040F61C008558187800F00F06C5
:101E20000120B0400B4E06EA0040854340F61C00FE
:101E3000855002F5306000EB41100068064D2840E7
:101E400002F5306505EB41152860002070BD0000EB
:101E5000007833EC0000FFFF0078F3EF01460A46FC
:101E6000D2F8000E20F00300C2F8000E40F6040085
:101E7000805820F0020340F6040083500020704791
:101E800001460A46D2F8000E20F00300C2F8000E08
:101E900040F60400805840F0020340F604008350EE
:101EA000002070470FB4F0B5054600272E460024E9
:101EB00005E0002105F5827040F82410641C0F2C09
:101EC000F7D39DF82200A0B940F60400805940F0F5
:101ED000020140F604008151A86B40F40010A86391
:101EE000A86B20F40020A863A86B20F48020A863CE
:101EF00007E0A86B20F40010A863A86B40F4002052
:101F0000A8630020C6F8000E9DF81D0001280CD122
:101F10009DF81B0020B90021284600F0BCFD08E018
:101F20000121284600F0B7FD03E00321284600F018
:101F3000B2FD1021284600F002FC00B1012728461E
:101F400000F0D5FB00B1012700214FF40160815161
:101F5000001D815140F61C00815100242EE006F541
:101F6000106000EB4410006800F00040B0F1004F3A
:101F700010D13CB94FF0006106F5106000EB441041
:101F800001600DE04FF0904106F5106000EB441049
:101F9000016005E0002106F5106000EB44100160CF
:101FA000002106F5106000EB441001614FF67F310F
:101FB00006F5106000EB44108160641C9DF8180069
:101FC000A042CCD800242EE006F5306000EB44108F
:101FD000006800F00040B0F1004F10D13CB94FF064
:101FE000006106F5306000EB441001600DE04FF039
:101FF000904106F5306000EB4410016005E00021DF
:1020000006F5306000EB44100160002106F53060F9
:1020100000EB441001614FF67F3106F5306000EBB4
:1020200044108160641C9DF81800A042CCD84FF485
:102030000160805920F480714FF4016081510020CB
:10204000A8616FF0804068619DF81A0018B9A8690E
:1020500040F01000A861A8690A490843A8619DF8EA
:102060001E0018B1A86940F00800A8619DF8220080
:10207000012803D1A86904490843A8613846F0BC87
:102080005DF814FB00383C8004000040014688687D
:1020900020F00100886000207047000070B5034602
:1020A0000C4619461D6C1848854209D94FF430601A
:1020B000405800F00040B0F1004F01D1002070BD49
:1020C0000026C1F8106BD1F8100B40F40026C1F8BF
:1020D000106BD1F8100B40F01806C1F8106BD1F856
:1020E000100B40F0C046C1F8106B012C09D1C1F8AB
:1020F000142B4FF43060405840F080264FF430608D
:1021000046500020DBE700000A30544F30B504464B
:102110000B4622461978587801281ED102F5106026
:1021200000EB4110006820F4001502F5106000EB90
:10213000411005601879032802D0187902282AD1A5
:1021400002F5106000EB4110006840F0805502F588
:10215000106000EB411005601DE002F5306000EBFF
:102160004110006820F4001502F5306000EB4110CA
:1021700005601879032802D0187902280BD102F5DE
:10218000306000EB4110006840F0805502F530608F
:1021900000EB41100560002030BD30B504460B4611
:1021A000224619785878012821D102F5106000EBF9
:1021B0004110006800F0004060B959B102F51060AC
:1021C00000EB4110006820F0804502F5106000EB44
:1021D0004110056002F5106000EB4110006840F40A
:1021E000001502F5106000EB4110056020E002F5DB
:1021F000306000EB4110006800F0004060B959B158
:1022000002F5306000EB4110006820F0804502F5D7
:10221000306000EB4110056002F5306000EB4110CA
:10222000006840F4001502F5306000EB41100560D5
:10223000002030BD2DE9F84381460E4690464D46BC
:102240003478707801287DD1306920BB05F51060A5
:1022500000EB44100069E649084005F5106101EB08
:102260004411086105F5106000EB4410006940F46A
:10227000002105F5106000EB4410016105F51060C8
:1022800000EB44100069C10CC90405F5106000EBB7
:10229000441001616FE005F5106000EB4410006927
:1022A000C10CC90405F5106000EB4410016105F58F
:1022B000106000EB44100069CD49084005F510613D
:1022C00001EB4411086194B9B1683069884201D9C1
:1022D000B068306105F5106000EB4410006940F40F
:1022E000002105F5106000EB4410016135E0B16894
:1022F00030690844401EB0FBF1F087B205F510606C
:1023000000EB44100069BA49C94301EAC7410843D8
:1023100005F5106101EB44110861307901281CD1E9
:1023200005F5106000EB4410006920F0C04105F590
:10233000106000EB4410016105F5106000EB4410E3
:10234000006900E099E04FF0C04101EA477108439D
:1023500005F5106101EB4411086105F5106000EB13
:10236000441000693169C1F31201084305F5106199
:1023700001EB44110861B8F1010F36D1F06928B1C1
:1023800005F5106000EB4410F169416130790128D6
:102390001ED140F60800405900F4807060B905F580
:1023A000106000EB4410006840F0005105F510602B
:1023B00000EB441001600BE005F5106000EB4410E9
:1023C000006840F0805105F5106000EB441001609A
:1023D00005F5106000EB4410006840F0044105F57D
:1023E000106000EB44100160FEE005F5106000EBAA
:1023F0004410006840F0044105F5106000EB441003
:102400000160307901280FD030690028ECD040F607
:1024100034004059317801F00F0201219140084306
:1024200040F634014851DFE040F60800405900F41E
:10243000807060B905F5106000EB4410006840F052
:10244000005105F5106000EB441001600BE005F54C
:10245000106000EB4410006840F0805105F51060FA
:1024600000EB44100160CDF80080308A83B23278EE
:102470004846F16800F078FDB6E005F5306000EB05
:1024800044100069C10CC90405F5306000EB44102C
:10249000016105F5306000EB4410006954490840C3
:1024A00005F5306101EB4411086104BB306908B1E6
:1024B000B0683061B068306205F5306000EB441000
:1024C0000069316AC1F31201084305F5306101EB7F
:1024D0004411086105F5306000EB4410006940F4D8
:1024E000002105F5306000EB4410016143E03069E4
:1024F000D0B905F5306000EB44100069B168C1F354
:102500001201084305F5306101EB4411086105F53E
:10251000306000EB4410006940F4002105F53060A4
:1025200000EB4410016126E0B16830690844401EA8
:10253000B0FBF1F087B2B0687843306205F53060E7
:1025400000EB441000692A49C94301EAC741084326
:1025500005F5306101EB4411086105F5306000EBD1
:1025600044100069316AC1F31201084305F5306176
:1025700001EB44110861B8F1010F07D1F06828B1EF
:1025800005F5306000EB4410F168416130790128B5
:102590001ED140F60800405900F4807060B905F57E
:1025A000306000EB4410006840F0005105F53060E9
:1025B00000EB441001600BE005F5306000EB4410C7
:1025C000006840F0805105F5306000EB4410016078
:1025D00005F5306000EB4410006840F0044105F55B
:1025E000306000EB441001600020BDE8F88300007B
:1025F000FFFF07E078B503460024009400201A4648
:102600004C78012C35D10C7802F5106505EB44149B
:10261000246804F00044B4F1004F60D10C7805EB5D
:102620004414246844F000660C7805EB44142660DA
:102630000C7805EB4414246844F080460C7805EBD4
:102640004414266000BF009C641C009442F2107584
:10265000009CAC4201D901200AE00C7802F510651B
:1026600005EB4414246804F00044B4F1004FEAD0B0
:1026700035E00C7802F5306505EB4414246804F06D
:102680000044B4F1004F2AD10C7805EB44142468BF
:1026900044F000660C7805EB441426600C7805EBDA
:1026A0004414246844F080460C7805EB44142660FA
:1026B00000BF009C641C009442F21075009CAC4268
:1026C00001D901200AE00C7802F5306505EB4414CD
:1026D000246804F00044B4F1004FEAD000BF78BD94
:1026E0000146886840F0010088600020704708B506
:1026F00001460020009000BF0098401C0090009808
:10270000B0F1706F01D9032008BD086900F00040E6
:102710000028F1D0002000901020086100BF009830
:10272000401C00900098B0F1706F01D90320EBE7D6
:10273000086900F010001028F1D00020E4E708B587
:1027400002460020009000BF0098401C00900098B6
:10275000B0F1706F01D9032008BD106900F000408E
:102760000028F1D000200090202040EA8110106164
:1027700000BF0098401C00900098B0F1706F01D924
:102780000320E9E7106900F020002028F1D00020A4
:10279000E2E710B501460B4640F60804E45804F0A1
:1027A00006020AB9002006E0022A01D0062A01D159
:1027B000022000E00F2010BD0146486900F0010032
:1027C0007047000010B51B480078002831D14FF445
:1027D00080611948EDF73AFF002018490860184950
:1027E0000860184908701849087018490870184995
:1027F0000870184908701849087018490870184975
:1028000008601849086018490860184908602421C0
:102810001748EDF71BFF0020164908600120054905
:102820000870154800210160416081600020134953
:10283000086010BDF0C10120D8040020D4C10120DF
:10284000D8C10120DCC10120DDC10120DEC1012091
:10285000DFC10120E0C10120E1C10120E2C101206E
:10286000E4C10120E8C10120CCC10120D0C1012078
:10287000B4040020ECC10120A8040020C8C101203C
:1028800038B50C48007850B100F0E8FC044672B648
:1028900000200849087004B962B601F043FE03E065
:1028A0009DF8000001F07AFD6846FCF72FFE002835
:1028B000F6D138BDE2C1012001460B4640F61800B2
:1028C000C258001DC058024090B2704701460B46E6
:1028D00040F61800C258001DC0580240100C704746
:1028E00070B5024613464FF40166F45840F63406BC
:1028F000F55801F00F0625FA06F606F0010644EA3F
:10290000C61403F5106606EB4116B66806EA040025
:1029100070BD10B50246134603F5306404EB411454
:10292000A06840F61404E458204010BD01464869F0
:102930008A69104070472DE9F04104460D4627464C
:1029400028464FEA920C02F0030300210AE04FF4FC
:10295000805858F80780C0F80080401C401C401C7C
:10296000401C491C6145F2D39BB100214FF48058B3
:1029700058F8076000BF4FEAC10826FA08F880F847
:102980000080491C401CA3F101081FFA88F3002BAA
:10299000F1D1BDE8F081000070B505460C462CB3BE
:1029A000002018E0124A1268521CC2F30901114AB1
:1029B0001268914207D02A5C0F4B0D4E36689A552B
:1029C0000B4A116006E0221A0C4B1B681A440B4B91
:1029D0001A6002E0401CA042E4D300BF084800682F
:1029E00020B121462846064A1268904770BD000073
:1029F000D4C10120D8C10120D8040020CCC10120BD
:102A0000ECC1012070B504460E460025E06820F0B8
:102A1000C040E060012E10D1E06840F00050E0605E
:102A200000BF0A20F8F748FA0A352046FFF7C4FE2F
:102A3000012815D0C82DF4D312E07EB9E06840F02B
:102A40008040E06000BF0A20F8F736FA0A352046D9
:102A5000FFF7B2FE20B1C82DF5D301E0012070BD13
:102A6000C82D01D10120FAE70020F8E710B5024691
:102A70000B461146D1F8000820F4FE60C1F80008AA
:102A8000D1F800084FF4FE6404EA03142043C1F8AF
:102A90000008002010BD02461346D3F80008084382
:102AA000C3F800080020704730B503461446022CD6
:102AB00049D12D48814204D32C48814201D20F22B2
:102AC00045E02A48814204D32948814201D20E229E
:102AD0003DE02748814204D32648814201D20D229D
:102AE00035E02448814204D32348814201D20C229C
:102AF0002DE02148814204D32048814201D20B229B
:102B000025E01E48814204D31D48814201D20A2299
:102B10001DE01B48814204D31A48814201D2092298
:102B200015E01848814204D31748814201D2082297
:102B30000DE01548814204D31448814201D2072296
:102B400005E0062203E00CB9092200E00922D8685A
:102B500020F47050D860D8684FF4705505EA82258B
:102B60002843D860002030BDC0ACD800C0E1E400EC
:102B70000024F40080730601A0491A01002D3101E0
:102B800040A44C0100366E0120ABA6010048E801CC
:102B900070B504460D4600222946204600F00AF88A
:102BA00070BD70B504460D4601222946204600F04E
:102BB00001F870BD2DE9F04107460C46904617B16B
:102BC0000CB1402C07D935480068401C33490860D7
:102BD0000320BDE8F08100F041FB064672B6B8F173
:102BE000000F29D02E480078042808D306B962B611
:102BF0002A480068401C294908600120E9E7294863
:102C0000007827490978084400F0030505EB4511D1
:102C1000254A02EB410022463946EDF776FC05EBEA
:102C20004510214901EB4000A0F840401C480078C5
:102C3000401C1B49087028E01C480078082808D36D
:102C400006B962B615480068401C144908600120A6
:102C5000BFE71748007815490978084400F00705D0
:102C600005EB4511134A02EB410022463946EDF7C8
:102C70004CFC05EB45100F4901EB4000A0F840402B
:102C80000A480078401C094908700B48C068401C7D
:102C90000949C86006B962B600209AE7D0C1012090
:102CA000DFC10120DEC10120E80A0020DDC10120D2
:102CB000DCC10120D8080020B404002070B504460F
:102CC000002500F0CBFA064672B62D48007868B1B0
:102CD0002C48007850B12C48007838B12B48007847
:102CE00000EB40102A4901EB40050FE02448007832
:102CF00060B12448007848B92648007830B12648A9
:102D0000007800EB4010254901EB40051C48007895
:102D100010B10DB1AC4207D02148006A401C2049D7
:102D2000086206B962B670BD1648007860B11748EF
:102D30000078401C00F00300144908701248007825
:102D4000401E114908700BE013480078401C00F049
:102D50000700114908700F480078401E0D4908709F
:102D60000F480069401C0E490861002004490870A2
:102D7000044908700B49086006B962B600BFD2E783
:102D8000E0C10120E1C10120DFC10120DEC101203D
:102D9000E80A0020DDC10120DCC10120D8080020A4
:102DA000B4040020E4C101202DE9F041F8F7A0F9B6
:102DB00006466048D0F8BC425F4800785F4908701A
:102DC0005F48007848705F48007888705E480078F7
:102DD000C870584890F89C02087124B1D4F81402C5
:102DE00008B1012000E000205449487157480068AC
:102DF000886051480078002856D054480068301A3E
:102E0000642801D2BDE8F08100F028FA804672B64D
:102E10004B48007878B14B48007860B14C48007856
:102E2000401C00F003004A49087046480078401EE4
:102E30004449087011E04248007870B9424800786F
:102E400058B144480078401C00F007004149087020
:102E50003D480078401E3C49087000203649087003
:102E6000374908703949086006F114003A4908608A
:102E700032484069401C314948610846C069401CDD
:102E8000C86114B10020C4F81402B8F1000F00D1D9
:102E900062B62848D0F8C80228B12649D1F8C8023D
:102EA0008121F8F76CFBADE7224890F89C020328DB
:102EB00000D104B9A6E728480068301A00D5A1E778
:102EC0002048007850B12248007800EB4010234998
:102ED00001EB400501201A4908700EE01A480078FD
:102EE00050B11C48007800EB40101D4901EB400533
:102EF00000201349087000E084E701200E490870A3
:102F000012480660B5F840102846F6F715FA07464D
:102F10006FB1002008490870094908700B49086022
:102F2000032F04D10F480068401C0E49086000BF01
:102F300068E7000068CE0120E0C10120B404002051
:102F4000E1C10120DFC10120DDC10120E4C1012078
:102F5000DEC10120DCC10120E8C10120E80A002017
:102F6000D8080020D0C101202DE9F04304460D46C9
:102F70001E46DDF81CC0A0462946BCF1000F12D148
:102F8000F01C870800230CE0D1F8009008F5805071
:102F900000EB0230C0F80090491C491C491C491C38
:102FA0005B1CBB42F0D30020BDE8F08300BFFEE70E
:102FB000002500BFF8F79CF80446FFF761FCFFF717
:102FC000F3FE204601F012FC2046F4F76BFF20468A
:102FD000F5F7F0FF601B0A2802D32546F6F7B4FF89
:102FE000012001F083F9E5E770B500254FF4006199
:102FF0006348F8F76FF8012800D100E0002061492C
:1030000008704FF400515E48F8F764F8012800D1C9
:1030100000E000205B4948704FF480415848F8F7C1
:1030200059F8012800D100E000205649887040215D
:103030005548F8F74FF8012800D100E00020514929
:10304000C87040215148F8F745F8012800D100E048
:1030500000204C4908710846007808B9012000E0BA
:103060000020484948710846407808B9012000E02E
:103070000020444988710846807808B9012000E0A2
:1030800000204049C8710846C07808B9012000E016
:1030900000203C4908720846007908B9012000E088
:1030A00000203849487208464079897940EA410051
:1030B0003449C97940EA81003249097A40EAC100BD
:1030C0003049497A40EA01102E4988720846807AD0
:1030D000C97A88432B4908730846007B98B1F8F7F2
:1030E00007F806462748C069301A1E280AD332203E
:1030F000F5F716FF30B123480069401C21490861EB
:103100000846C66100BF1F48807A1E49C87208463B
:10311000007B00F00F040846447314B304F0010070
:1031200008B101250FE004F0020008B102250AE011
:1031300004F0040008B1032505E004F0080008B11C
:10314000042500E0002565B10E4885732846F4F794
:1031500095FE38B101200B49C87308464069401CF0
:10316000486106E000200749C87308468069401C92
:1031700088610448006A401C0249086270BD000072
:1031800000100240A0C701200008024000200240B9
:103190004100080218BF04200A0E18BF40F00100C9
:1031A0004FF07F4232EA010108BF40F002000128DF
:1031B00008BF052070470146C1F3C750FF2801D062
:1031C000012070470020FCE70146C1F3C750FF28EB
:1031D00001D0012070470020FCE70146C1F3C75031
:1031E000FF2801D0012070470020FCE70146C1F311
:1031F000C750FF2801D0012070470020FCE701469E
:10320000C1F3C750FF2801D0012070470020FCE720
:103210000146C1F3C750FF2801D0012070470020AC
:10322000FCE7000002480068C0F30220704700007D
:103230000CED00E010B5002804DB0A07130E054A68
:10324000135406E00A07140E034A00F00F031B1F75
:10325000D45410BD00E400E018ED00E0EFF310805E
:103260007047EFF31080704710B510EE104A4FF022
:103270001A402DED028B00EB4400B0F1C85F4AD834
:103280004FF0FC40B0EB440F22D2B0EEC00AF7EE94
:10329000000A30EEC00AF6EE000A20EE208A18EE90
:1032A000100A01F0C2FE00EE100A14F0004F1DBF1C
:1032B0009FED281ADFED280AB1EE400A9FED271A8C
:1032C00008BFF0EE410AF8EE001A20EE210A05E0F0
:1032D00020EE008A9FED221ADFED220ADFED221A8E
:1032E0009FED222A70EEC00A20EE080A08EE212A7D
:1032F000DFED1F1A48EE021A9FED1E2A08EE212A62
:10330000DFED1D1A48EE021ABDEC028B40EE610A99
:1033100030EE810A10BD4FF0CC40B0EB440F82BFBD
:103320009FED160ABDEC028B10BD4FF07F40B0EB55
:10333000440F05D2BDEC028BBDE8104000F081BB0C
:103340000120EDF704FABDEC028BBDE8104000F05F
:103350007FBB00000000494022AA7D3A0000000027
:103360000000C93F22AAFD3924FE1C3DC78AD83C73
:103370001E67383D1B93993DAFAA2A3EDB0FC93F1C
:1033800070B54FF068422DED048BF0EE408A18EED8
:10339000900AB0EE608A18EE101A02EB4003B3F107
:1033A000654F3CBF02EB4102B2F1654F7DD200BFD9
:1033B000C0F3C753C1F3C7529A1A1B2A09DD10F094
:1033C000004F14BF9FED830A9FED830ABDEC048B71
:1033D00070BD12F11A0F36DA11F0004F09D010F05B
:1033E000004F0CBF9FED7D0A9FED7D0ABDEC048B65
:1033F00070BD88EE889A19EE100AFFF7C9FE0428FE
:1034000008BF00F02DFB18EE900AFFF7C1FE05463D
:1034100018EE100AFFF7BCFE044619EE100AFFF77B
:10342000B7FE042D18BF052D08D1042C18BF052C9C
:1034300004D1002804BF0220EDF789F9B0EE490A53
:10344000BDEC048B70BD4200B2EB410F3AD910F0D5
:10345000004F19BFDFED630A9FED630ADFED630ADA
:103460009FED630AB0EE481A0A46B1EE688A80F012
:103470000041F0EE418A10460A1A5200B2F1807FF4
:1034800034D2484010F0004FDFED5A1A9FED5A2A0F
:103490001DBFBEEE001A70EEE10A30EE420AB6EE33
:1034A000001A08BF70EEA10A00E040E008BF30EE4D
:1034B000020AB0EE682A01EE482A08EE818AC2EEBE
:1034C000081A15E011F0004F04BF9FED4C0AF0EE12
:1034D000400AD1D010F0004F19BFDFED490A9FED2F
:1034E000490ADFED490A9FED490AC5E7C8EE881A87
:1034F00021EEA11A9FED462ADFED462A41EE022A6F
:103500009FED452A01EE222ADFED442A41EE022AF0
:103510009FED432ABDEC048B01EE222A21EE811A95
:1035200001EE020A30EE210A30EE200A70BD4FF0A3
:103530007F42B2EB400F28BFB2EB410F09D2F0EE51
:10354000480AB0EE680ABDEC048BBDE8704000F09C
:103550007BBA40EA01035B0008BF41F0FF410BD09A
:10356000B2EB400F08BFB2EB410F08D120F0804012
:1035700008EE900A21F0804108EE101A18E7B2EB2D
:10358000400F12BF5FEA410340F0FF4001F00041ED
:103590003FF40EAFB2EB410F12BF5FEA400200F002
:1035A000004041F0FF413FF403AF4A0092EA40037C
:1035B0003FF5FEAE002AACBF9FED1A0A9FED1A0A36
:1035C00068EE808A28EE008A18EE900A18EE101A2B
:1035D000EEE60000DB0FC9BFDB0FC93FDB0F494040
:1035E000DB0F49C00000C9BF22AAFDB90000C93FD6
:1035F00022AAFD390060ED3EC30ACE37000000006C
:10360000000049C022AA7DBA0000494022AA7D3AA2
:103610002DAD65BD8FB8D53D0FB511BE61C84C3E0F
:10362000A8AAAABE0000804F0000802F10EE100A4A
:10363000C0F3C7517F391729A8BF7047DFED140ABF
:10364000002970EE200A0CDAF5EEC00AF1EE10FA4D
:103650001ADD0028C8BF4FF07E50B8BF4FF00040C1
:1036600012E00C4A22FA01F2104208BF7047F5EE50
:10367000C00AF1EE10FA07DD002804DD4FF4000364
:1036800023FA01F10844904300EE100A704700004D
:10369000CAF24971FFFF7F0010EE101A08B5444AC4
:1036A0006846B2EB410F28D94FF0E640B0EB410F2E
:1036B00094BF00204FF0FF3000900098002861DB9D
:1036C00060EE000A10F0010F45D010F0020FDFEDA0
:1036D000391A9FED391A00EEE11ADFED381A40EE83
:1036E000811A21EEA01AF0EE400A40EE010A08BF4E
:1036F000F1EE600AB0EE600A08BD314B21F00042E5
:1037000093423CD911F0004FDFED2E0A20EE201A33
:10371000DFED2D0A19BF31EE601A71EE200A31EE8D
:10372000201A71EE600ABDEEE01A11EE100A9FED4C
:10373000271A00F0030000EEC10A9FED251A009041
:1037400000EEC10A9FED231A00EEC10A9FED221A76
:1037500000EEC10AB1E79FED211A9FED210A10F09A
:10376000020F00EE810A9FED1F1A00EE801AB7EEDD
:10377000000A00EE810A18BFB1EE400A08BD00F051
:1037800077F99AE710EE100A4000B0F17F4F3CBF86
:10379000B7EE000A08BD07D14FF00100ECF7D7FFE4
:1037A000BDE8084000F054B9BDE8084000F049B950
:1037B000B61F927E336D4C39DA82083CA0AA2ABE2D
:1037C000490E494683F9223F0000004B0000C93FE3
:1037D00000A0FD390020A2331A61342CB93AB2BAE4
:1037E000CA9F2A3DDDFFFFBE10B52DED028BB0EE66
:1037F000608AF0EE408A18EE101A18EE900A02F075
:1038000035FB00F07040B0F1005F0CD018EE100AEC
:1038100020F00040C0F1FF40C00F02BFB0EE480AE8
:10382000BDEC028B10BDB0EE680ABDEC028B10BD82
:1038300010B52DED028BB0EE608AF0EE408A18EEE6
:10384000101A18EE900A02F011FB00F07040B0F16F
:10385000004F0CD018EE100A20F00040C0F1FF40DD
:10386000C00F02BFB0EE480ABDEC028B10BDB0EE37
:10387000680ABDEC028B10BD00B510EE101A2DEDDC
:10388000028B81B0524A6846B2EB410F2ED94FF0FD
:10389000E640B0EB410F94BF00204FF0FF300090A6
:1038A0000098B0EE408A00286ADB10F0010F4BD080
:1038B00068EE080A9FED471A9FED470A00EE810A5D
:1038C0009FED461A10F0020F00EE801AB7EE000AC4
:1038D00000EE810A02BF01B0BDEC028B00BD00BF4B
:1038E00001B0B1EE400ABDEC028B00BD3C4B21F0B3
:1038F0000042934241D911F0004FDFED3A0A20EE29
:10390000201ADFED390A19BF31EE601A71EE200A74
:1039100031EE201A71EE600ABDEEE01A11EE100AC7
:103920009FED321A00F0030000EEC10A9FED301A3D
:10393000009000EEC10A9FED2F1A00EEC10A9FED24
:103940002E1A00EEC10AABE728EE080A9FED2B1AEB
:10395000DFED2B0A10F0020F40EE410A9FED291A0D
:1039600000EE201A61EE000AB0EE480A08EE200AC6
:10397000B6D101B0BDEC028B00BD00F079F88FE745
:1039800018EE100A4000B0F17F4F0DD218EE100A69
:10399000FFF7FEFB042808BF00F062F8B0EE480A0B
:1039A00001B0BDEC028B00BD09D10120ECF7CFFEC8
:1039B00001B0BDEC028B5DF804EB00F049B801B03A
:1039C000B0EE480ABDEC028B5DF804EB00F039B8AC
:1039D000B61F927EB93AB2BACA9F2A3DDDFFFFBE3A
:1039E000490E494683F9223F0000004B0000C93FC1
:1039F00000A0FD390020A2331A61342C336D4C39FC
:103A0000DA82083CA0AA2ABE10B52DED028BB1EED9
:103A1000C08A18EE100A20F00040C0F1FF40C00F2D
:103A20000AD010EE100A20F00040C0F1FF40C00F95
:103A300004BF0120ECF78BFEB0EE480ABDEC028B10
:103A400010BD30EE000A704730EE200A70470000CB
:103A5000DFED020A80EEA00A7047000000000000BF
:103A60009FED020A20EE000A7047000000000010DF
:103A70002DE9F0014FF07F42B2EB410F9FBF4FF0B5
:103A8000FF310160BDE8F00170474FF0004242EAAB
:103A90000123C1F3C752783A551112F01F0C434C61
:103AA000CCF120067C44C1F3C752A2F178024FEA60
:103AB000621204EB820254F8254008BFD2E9015695
:103AC00012D0556804FA0CF425FA06F73C439768BF
:103AD00005FA0CF527FA06F8D26807FA0CFCF24052
:103AE00045EA08054CEA0206A4FB034CA5FB035279
:103AF000A6FB03631D449D4234BF01260026131913
:103B0000334416B1934202D903E0934201D2012219
:103B100000E00022624402F1200C9206DC0C42EA32
:103B2000443200EE102A5B03DFED210AF8EEC01AE2
:103B300000EE103A4FEA9C1C11F0004FB8EE400A1C
:103B4000C0F800C020EE201A00EE105ADFED190A6E
:103B5000B8EE400A20EE200A71EE810A70EE800A6B
:103B600010EE902A02F500626FF30B0200EE902A2D
:103B700070EEE11A31EEC11ADFED101A30EE411A83
:103B80009FED0D0A20EE800A01EE210A9FED0C1A2E
:103B900000EE810A04BFBDE8F0017047CCF180510E
:103BA0000160BDE8F001B1EE400A70477C250000DD
:103BB000000000360000802C22AAFD29DB0FC92F4F
:103BC0000000C92F10B5FFF70FFAF1F783FDF1F7E9
:103BD000B1F9F6F7DBF9F7F78BFA0446F5F7C8FD0C
:103BE000F5F7CEFB10BD000010B534211448ECF7FA
:103BF0002DFD20211348ECF729FD24211248ECF774
:103C000025FD00200E490870FEF7DCFD00F076FC73
:103C1000F3F7EEFDF5F772F9EFF76CF900200949BB
:103C2000087002208870F7F763FA0649C8600846F2
:103C3000007808B1012000E000200249487010BD62
:103C40004CC7012080C70120A0C7012048400022A6
:103C50000CE000F0800323B143061B0E83F0310318
:103C600001E043061B0E1846531CDAB2082AF0D3B3
:103C700070470000FEB505460C467B48C069401CF5
:103C80007949C86108468571C471FF2D1ED1042C85
:103C90001CD17648006802907549029888420DD17F
:103CA0000120744908700020734908707349087036
:103CB000431E042202A9284601F008F96D48007845
:103CC000694908706B4800784870FEBD6948007803
:103CD00000B9FAE7FE2D0FD1042C0DD16248806B9C
:103CE000401C6149886301204870831E22465F4959
:103CF000FE2001F0EBF8E8E7FD2D50D1022C4ED16B
:103D00005A48006802905848006C401C56490864A4
:103D10005B480078F8B19DF8080002281BD19DF897
:103D200009005849097801EB4101574A02EB81012A
:103D3000897888420FD153480078401C00F0030076
:103D4000504908704E480078401E4D49087008469A
:103D50000078454948644D480078F8B19DF808005E
:103D600005281BD19DF809004949097801EB41015B
:103D7000484A02EBC101897B88420FD14448007850
:103D8000401C00F003004249087040480078401E83
:103D90003E490870084600783349886495E7012D4C
:103DA00029D1032C27D1314886783146284601F0A5
:103DB00055F800B989E73048007848B136480078AE
:103DC000864205D12848806A401C274988627CE7E2
:103DD0000120294908703048067024480068029084
:103DE0009DF80800204908739DF80900487302A84F
:103DF00000F076FA69E7042D33D10D2C31D11B4840
:103E0000067B3146284601F029F800B95DE71B48DA
:103E1000007848B121480078864205D11248806A6E
:103E2000401C1149886250E70120144908701B4862
:103E300006700E4A07CA8DE8070001200A498873F8
:103E40009DED000A084680ED040A9DED010A80ED13
:103E5000050A9DED020A80ED060A684600F03AFA6E
:103E600033E700BF31E70000900C0020800C0020F9
:103E70004AD8458867000020680000206A000020BA
:103E80005D0000205C000020F00B0020600000209E
:103E90005F000020200C0020690000206B00002043
:103EA00090ED0D0AD0ED110A20EE200AB5EEC00A01
:103EB000F1EE10FA53DD90ED0D0AB5EEC00AF1EE09
:103EC00010FA02DD90ED0D0A03E090ED0D0AB1EE5F
:103ED000400AD0ED080AB4EEE00AF1EE10FA00D87C
:103EE000704790ED070AD0ED080A70EE200A90EDB9
:103EF0000D0AB5EEC00AF1EE10FA02DD90ED0D0AE2
:103F000003E090ED0D0AB1EE400AF4EEC00AF1EEC6
:103F100010FA20DBD0ED070A90ED0D0AB5EEC00ACD
:103F2000F1EE10FA02DD90ED0D0A03E090ED0D0ABE
:103F3000B1EE400A30EEC00AD0ED080A30EE200A99
:103F400090ED071AC0EE010A90ED130A20EE800AE8
:103F500080ED130A03E09FED030A80ED130A00BF12
:103F6000BEE700000000000090ED120AD0ED190A33
:103F700060EE200A90ED0A0A90ED191A30EE011A4F
:103F800080EE810AD0ED160A90ED0A1A60EE810AE1
:103F900090ED0A1AD0ED191A31EE211AC0EE811AED
:103FA00030EE210A80ED120A704790ED0C0AD0ED38
:103FB0000B0A30EE600AD0ED020A20EE200AD0EDA6
:103FC000190A80EE201A80ED121A704790ED110A3E
:103FD000D0ED130A30EE200A2E4981ED000A90ED53
:103FE000100AD0ED110A30EE200AD0ED120A30EEA0
:103FF000200A294981ED000A91ED000AB5EEC00AB8
:10400000F1EE10FA02DD91ED000A04E0224991ED93
:10401000000AB1EE400AD0ED030AB4EEE00AF1EE78
:1040200010FA0EDD90ED0D0AD0ED110A20EE200AF7
:10403000B5EEC00AF1EE10FA03DD9FED180A80ED2F
:10404000130A90ED060A1349D1ED000AB4EEE00A16
:10405000F1EE10FA07D29FED110A80ED130A90EDF0
:10406000060A80ED110A90ED060AB1EE400A0949F0
:10407000D1ED000AB4EEE00AF1EE10FA09DD9FED91
:10408000070A80ED130A90ED060AB1EE400A80EDB2
:10409000110A704728C0012024C001200000000040
:1040A00090ED140AD0ED190A60EE200A90ED090A8D
:1040B00090ED191A30EE011A80EE810AD0ED150A42
:1040C00090ED091A60EE810A90ED091AD0ED191AE7
:1040D00031EE211AC0EE811A30EE210A80ED140A69
:1040E000704790ED140AD0ED030AB4EEE00AF1EE49
:1040F00010FA03DD90ED030A80ED140A90ED140A26
:10410000D0ED030AF1EE600AB4EEE00AF1EE10FA27
:1041100005D290ED030AB1EE400A80ED140A704713
:1041200010B52DED028B0446D4ED140AB0EE600AF2
:1041300000F096F8D4ED030A9FED251A60EE810A8F
:10414000B4EEE00AF1EE10FA0CD3D4ED170AB0EE9B
:10415000600A00F085F8DFED1F0AB4EEE00AF1EE28
:1041600010FA02D2BDEC028B10BDD4ED170A94ED0B
:104170000B1A70EEC10AB0EE600A00F071F8B0EEF2
:10418000408AD4ED170AB0EE600A00F069F8C8EE74
:10419000000A9FED110AF4EEC00AF1EE10FA07DDF5
:1041A000D4E91A20521C40F10000C4E91A2002E0B0
:1041B0000020A066E0664FF4FA730020D4E91A21CB
:1041C0009A1A884102D201217020015500BFC9E727
:1041D0006F12833A17B7D1383333733F10B52DEDD3
:1041E0000C8B044694ED190A10EE101A084601F0E3
:1041F00005FE41EC190B94ED0D0AD4ED0E0A30EEDC
:10420000200A10EE101A084601F0F8FD41EC1D0BD3
:104210009FED110B53EC102B01F09AFB41EC1B0BA3
:1042200094ED010A10EE101A084601F0E7FD41EC8A
:104230001C0B53EC1B2B01F0E3FC41EC1A0B53EC71
:10424000192B01F0DDFC41EC180B01F04FFBE06491
:10425000BDEC0C8B10BD0000000000000000004011
:10426000F0EE400AB0EEE00A7047F0EE400AB0EE21
:10427000E00A7047F0EE400AB0EEE00A7047F6F749
:1042800087FFFBF7A1F9FAF78FFCFAF70BFCFAF7B7
:10429000C5FBFAF7E5FBFAF7DBFEFAF7A7FDFAF73D
:1042A000C9FDFAF7B9FEFAF7FBFDFAF7EFFEFAF7E8
:1042B00063FEFBF749F9FFF797FCFAF737FC00F0CC
:1042C00021F800BFFEE701460020842901D0CA1C66
:1042D0001044704710B504462046F3F723FB10BD89
:1042E00010B504462046F3F7F7FB10BD70B5044641
:1042F00025460DB1294600E00121084600F0B8FF2F
:10430000002070BD10B500F0E1FF002010BD7FB5AA
:1043100004460D46606998B1A06988B1B4F90800F7
:10432000FFF7D1FF0646D4E90510CDE90061029000
:104330002B462269D4E9001001F054F9039013E0F0
:10434000B4F90800FFF7BFFF064603A8CDE90060F7
:10435000238A9AB22B46D4E9001001F011F9012802
:1043600002D0002004B070BD0398FBE7014800783C
:10437000704700006700002070B504460D46002617
:1043800005E014F8011B3046FFF760FC0646281EC6
:10439000A5F10105F5D1304670BD000010B5044609
:1043A0004D4800784D4988704D480078C8704D4898
:1043B000007808714C480078487147480078062812
:1043C00076D2DFE800F003091521435C5A2C02D1B4
:1043D0000120414908706FE0A52C01D1022004E0C2
:1043E0005A2C01D1012000E000203B49087063E015
:1043F0003B48047021460020FFF728FC3B49087029
:1044000003203549087057E0364804702146374884
:104410000078FFF71BFC354908700020324908700E
:10442000304800780F2808D92C48406A401C2B4996
:10443000486200202849087007E02A48007808B13F
:10444000042000E005202449087035E02648017862
:104450000078401C244A10702548445421462348C3
:104460000078FFF7F3FB214908701F4800781D49C9
:104470000978884202D10520174908701CE01B48C2
:104480000078844206D11748017815480078FFF774
:10449000F1FB04E01148006A401C104908625A2CE4
:1044A00002D1012001E003E000200B49087003E085
:1044B00000200949087000BF00BF0748007807497D
:1044C000887007480078C870064800780871064868
:1044D0000078487110BD000062000020900C0020A0
:1044E00063000020640000206500002066000020BA
:1044F000800C002000487047900C002010B5002070
:10450000034908700349087000F00CF810BD000062
:104510005E00002061000020014800787047000024
:104520006700002010B50020144908701449087075
:10453000144908701449087014490870012014497E
:104540000870002013490870134908701349087057
:10455000134908701349087013490870134908700B
:104560001349086054211348ECF770F808480078A4
:104570001049087006480078487010BD620000209D
:104580006300002064000020650000206600002019
:1045900067000020680000206A0000205C00002006
:1045A0005D0000205F000020600000206C00002003
:1045B00070000020900C002010B502461AB11E4871
:1045C0000078042801D3002010BD1C4800781A4B45
:1045D0001B78184400F0030101EB4100184B03EB7A
:1045E0008000138803801748007801EB4103144CC6
:1045F00004EB8303987013480078401C114B18702B
:10460000002001EB410304EB8303D87001EB41036D
:1046100004EB8303187101EB410304EB83039860FF
:1046200005480078401C044B187018460078064B6B
:1046300058640120C8E700005D0000205C000020F5
:10464000F00B00205E000020900C002070B50546A5
:104650001DB11F480078042801D3002070BD1D48FB
:1046600000781B490978084400F0030404EB440176
:10467000194A02EBC1000E222946EBF746FF174804
:10468000007804EB4401144A02EBC101887313481B
:104690000078401C11490870002004EB440102EB33
:1046A000C101C87304EB440102EBC101087404EBBF
:1046B000440102EBC101486105480078401C0449EF
:1046C000087008460078064988640120C6E70000A3
:1046D000600000205F000020200C0020610000200E
:1046E000900C002070B505461B48007808B90020E2
:1046F00070BD1A48007800EB4000194901EB8004B6
:10470000207918B9284600F0C5FBF1E7A068281AFF
:1047100064281FD3E078032815D310480078401C84
:1047200000F003000D4908700B480078401E0A494C
:104730000870084600780B4948640846006B401C26
:1047400008630120D4E7E078401CE070284600F0C0
:10475000A1FBCDE70020CBE75D0000205C0000203E
:10476000F00B0020900C002070B505461B48007827
:1047700008B9002070BD1A48007800EB40001949C4
:1047800001EBC004207C18B9284600F015FCF1E7C5
:104790006069281A64281FD3E07B032815D31048CA
:1047A0000078401C00F003000D4908700B480078A9
:1047B000401E0A490870084600780B49886408467C
:1047C000006B401C08630120D4E7E07B401CE073D1
:1047D000284600F0F1FBCDE70020CBE76000002089
:1047E0005F000020200C0020900C002010B5044633
:1047F0001648046016480078164908701448007876
:104800004870154800784864144800788864104857
:10481000007800B910BD1248007850B92046FFF763
:1048200061FF10B92046FFF79FFF01200C49087077
:1048300009E02046FFF798FF10B92046FFF752FF26
:1048400000200749087000BFE4E700007000002066
:1048500067000020900C00205D0000206000002018
:104860006C0000202DE9F04105460E461C48076803
:104870001C480068001D00F0F7FB50B9194800689B
:1048800090F82C1001208840174909688143164888
:104890000160681C38B936B112480168091D134817
:1048A00000F02CFC1AE07C190E4800684460BC4201
:1048B00007D20C480168091D0D48006800F004FC8F
:1048C0000CE008480168091D0A48006800F0FCFB7C
:1048D00009480068844201D207480460BDE8F081BD
:1048E00050C201203CC2012054C20120B029002046
:1048F00044C2012040C201206CC2012010B5044610
:1049000000F008FC23480068401C22490860224847
:10491000006840B9204804600846006801280DD1AD
:1049200000F03EF90AE01D48006838B91A480068EE
:10493000C06AE16A884201D81748046018480068D4
:10494000401C1749086094F82C1001208840154934
:104950000968084313490860E16A01EB8101124AC2
:1049600002EB8100211D00F0C9FB00F0FDFB0B48AC
:10497000006868B108480068C06AE16A884207D2E6
:104980004FF0805009490860BFF34F8FBFF36F8F1E
:1049900010BD00004CC201203CC2012058C20120C1
:1049A00068C2012054C20120D428002004ED00E098
:1049B00010B516E000F0AEFB0C48C068C468201DBE
:1049C00000F052FB0A480068401E09490860094887
:1049D0000068401E0749086000F0C6FB204600F052
:1049E0000BF8044800680028E4D110BD9C29002081
:1049F0004CC2012048C2012010B5044694F8610061
:104A000030B9206B00F0CEFB204600F0CBFB1AE063
:104A100094F86100012803D1204600F0C3FB12E0A6
:104A200094F86100022801D1012000E0002050B973
:104A300000BF502080F31188BFF34F8FBFF36F8FFB
:104A400000BF00BFFEE710BD30B544F62063174835
:104A500000F007042CB1C01D20F00700134C041B0C
:104A60001B1B0246124C22600024114D6C60D018B2
:104A7000083820F007000F4C206000240D4D2D68F1
:104A80006C600C4D2D682C601146441A4C60094C2A
:104A900024680C60084D4C682C60084D4C682C60F4
:104AA0004FF00044064D2C6030BD0000C4290020AA
:104AB00078C2012080C2012088C2012084C2012066
:104AC00094C2012000BFFFF773FF06480068012869
:104AD000F9D94FF0805004490860BFF34F8FBFF3FE
:104AE0006F8FF0E7D428002004ED00E02DE9FF5F90
:104AF00081460E469246DDE90E7B109CAAF101002C
:104B0000216B01EB800828F0070808F0070008B9BE
:104B1000012000E0002050B900BF502080F3118830
:104B2000BFF34F8FBFF36F8F00BF00BFFEE786B1AB
:104B3000002507E0715D04F134004155705D00B956
:104B400002E06D1C202DF5D300BF0021532001553C
:104B500002E0002084F83400072F00D30627E76224
:104B600067650020A065201D00F0ABFA04F1180075
:104B700000F0A7FA2461C7F10700A0616462002079
:104B8000E06584F8600049464046039A00F050F919
:104B90002060BBF1000F01D0CBF80040BDE8FF9FC3
:104BA00010B5002407E004EB84010F4A02EB8100FA
:104BB00000F07AFA641C072CF5D30C4800F074FA64
:104BC0000B4800F071FA0B4800F06EFA0A4800F04A
:104BD0006BFA0A4800F068FA04480949086004487A
:104BE0000849086010BD0000D4280020602900207A
:104BF00074290020882900209C290020B029002049
:104C000040C2012044C2012010B50146164800E010
:104C1000006803688B42FBD30246436813448B420F
:104C200004D143684C682344436001460A464B68FC
:104C300013440468A34211D10C4C03682468A342B6
:104C400008D04B680468646823444B6003681B68A1
:104C50000B6005E0054B1B680B6001E003680B600F
:104C6000884200D0016010BD78C2012080C20120BE
:104C70000A490968096809B9012100E0002121B148
:104C80004FF0FF31064A116006E004490968C9681F
:104C9000C868034A416811607047000040C20120A3
:104CA0006CC201200E480068401C08B9012000E0D9
:104CB000002050B900BF502080F31188BFF34F8F00
:104CC000BFF36F8F00BF00BFFEE700BF502080F32F
:104CD0001188BFF34F8FBFF36F8F00BF00BFFEE798
:104CE0007C0000202DE9F04104464FF0000800F060
:104CF00045FB4948006808B9FFF7A6FE4748006829
:104D00002040002870D1D4B1083404F00700B0B1BD
:104D100004F00700C0F10800044404F0070008B9DB
:104D2000012000E0002050B900BF502080F311881E
:104D3000BFF34F8FBFF36F8F00BF00BFFEE7002CA4
:104D400052D03748006884424ED8364E3046056807
:104D500001E02E462D686868A04202D2286800282B
:104D6000F7D12D48006885423ED0306800F1080830
:104D7000286830606868001B102819D92F1907F0BF
:104D8000070008B9012000E0002050B900BF502002
:104D900080F31188BFF34F8FBFF36F8F00BF00BF49
:104DA000FEE76868001B78606C603846FFF72CFFF0
:104DB0001B4968680968081A1949086008460068AC
:104DC00019490968884203D21548006816490860E5
:104DD0001249686809680843686000202860134821
:104DE0000068401C1149086000F0FEFC08F0070054
:104DF00008B9012000E0002050B900BF502080F326
:104E00001188BFF34F8FBFF36F8F00BF00BFFEE766
:104E10004046BDE8F081000080C2012094C201201C
:104E200084C2012078C2012088C201208CC20120E6
:104E3000001F4FF080730360001F21F00103036027
:104E4000001F054B036014380260001F6FF002035F
:104E50000360203870470000A54C0108F8B50446EF
:104E60000D468DF800408DF801500948C4728572D6
:104E70004FF0FF3302226946FD2000F027F8064676
:104E800026B10348C06B401C0149C8633046F8BDD9
:104E9000900C002070B505460A48007800EB4000F1
:104EA000094901EB8004A37802222146104600F054
:104EB0000DF808B9002070BD01202071A56000BF69
:104EC000F9E700005C000020F00B00202DE9F04322
:104ED00085B00546884616461F460024012000EB93
:104EE000E770304400F0FF09B9F10F0F08D93148DD
:104EF000C06A401C2F49C862002005B0BDE8F0839D
:104F00005A222046611CCCB20DF80020A522204672
:104F1000611CCCB20DF800202046611CCCB20DF80B
:104F200000502046611CCCB20DF8009056B1B8F18B
:104F3000000F07D00DEB040032464146EBF7E5FACF
:104F4000A019C4B2002F05DBFAB22046611CCCB216
:104F50000DF80020A11E0DF10200FFF70DFA0DF86B
:104F60000400601CC4B22146684600F041F830B924
:104F70001048C06A401C0F49C8620020BDE70D48B8
:104F800005724472FE2D04D1406B401C09494863F0
:104F90000EE0022D05D10748C06C401C0549C864CD
:104FA00006E0052D04D10348006D401C0149086549
:104FB0000120A2E7900C002070B505460A48007851
:104FC00000EB4000094901EBC004A37B0E222146FF
:104FD0000520FFF77BFF08B9002070BD0120207479
:104FE000656100BFF9E700005F000020200C002091
:104FF00070B504460D46002644B1032D06D3A078B3
:10500000FD2801D1012000E00020064626B12946F6
:105010002046FDF7C6FD03E029462046FDF7B8FD12
:1050200008B9012070BD0020FCE710B500EE100AA1
:105030002DED028BB1EEC08A18EE100A20F0004070
:10504000C0F1FF40C00F0AD010EE100A20F000405F
:10505000C0F1FF40C00F04BF0120EBF778FB18EE52
:10506000100ABDEC028B10BD01460A69D1E901307E
:105070009860D1E9010358605068884201D188687E
:105080005060002008611068401E10601068704772
:10509000034B0360034B0B608023136070470000D9
:1050A0007C010020E001002000F1080141604FF088
:1050B000FF31816000F10801C160016100210160E0
:1050C000704700210161704710B502460B685C1CF7
:1050D0000CB9106907E002F1080000E0406844687C
:1050E00024689C42FAD944684C604C68A16088608E
:1050F00041600A611468641C146010BD42684A6013
:1051000093688B60936859609160086103685B1CC9
:105110000360704700BF502080F31188BFF34F8FAA
:10512000BFF36F8F00BF0E480068401C0C49086039
:1051300008460068012812D10A480068C0B208B9C0
:10514000012000E0002050B900BF502080F31188FA
:10515000BFF34F8FBFF36F8F00BF00BFFEE77047F5
:105160007C00002004ED00E00D48006850B900BF4D
:10517000502080F31188BFF34F8FBFF36F8F00BFB4
:1051800000BFFEE706480068401E05490860084663
:10519000006820B9002080F3118800BF00BF70476D
:1051A0007C00002070B506463546002E44D0083DF0
:1051B0002C46224960680968084008B1012000E0D7
:1051C000002050B900BF502080F31188BFF34F8FEB
:1051D000BFF36F8F00BF00BFFEE7206808B9012052
:1051E00000E0002050B900BF502080F31188BFF3C9
:1051F0004F8FBFF36F8F00BF00BFFEE70F4960689E
:1052000009680840C0B12068B0B90C4960680968F5
:105210008843606000F0B2F8094960680968084492
:10522000074908602046FFF7EFFC06480068401C6D
:105230000449086000F0D8FA70BD000094C2012053
:1052400084C2012090C2012000204FF0E0210861BB
:105250008861064800684FF47A71B0FBF1F0401E97
:105260004FF0E02148610720086170470C000020E2
:1052700070B504460025D4B11248006808B9012071
:1052800000E0002050B900BF502080F31188BFF328
:105290004F8FBFF36F8F00BF00BFFEE700F06EF8C7
:1052A00000212046FFF7DEFA00F09EFA05463DB9E0
:1052B0004FF0805004490860BFF34F8FBFF36F8FEA
:1052C00070BD000074C2012004ED00E010B586B08E
:1052D00000200590049003AA04A905A8FFF7D8FEB2
:1052E0000022DDE904101346CDE9002102901CA143
:1052F0001D48039A00F076F91C49086008460068CA
:1053000008B1012400E00024012C15D100BF502079
:1053100080F31188BFF34F8FBFF36F8F00BF4FF043
:10532000FF3013490860012012490860002012492B
:10533000086000F071F810E0601C08B1012000E086
:10534000002050B900BF502080F31188BFF34F8F69
:10535000BFF36F8F00BF00BFFEE706B010BD0000B7
:1053600049444C4500000000C54A010870C20120B4
:105370006CC2012058C2012050C2012002480068BE
:10538000401C01490860704774C201201D48006834
:1053900018B101201C49086032E000201A49086059
:1053A0001A480068B0FA80F0C0F11F0101EB8100DB
:1053B000174A52F8200008B1012000E0002050B93F
:1053C00000BF502080F31188BFF34F8FBFF36F8F62
:1053D00000BF00BFFEE701EB81020D4B03EB820033
:1053E00042685268426000F108024368934202D169
:1053F0004268526842604268D268064B1A6000BF39
:105400007047000074C2012060C2012054C2012014
:10541000D42800203CC201201CB5524800685249E3
:10542000884201D0012000E0002050B900BF502088
:1054300080F31188BFF34F8FBFF36F8F00BF00BFA2
:10544000FEE7484800684849491E884201D00120CB
:1054500000E0002050B900BF502080F31188BFF356
:105460004F8FBFF36F8F00BF00BFFEE73F49084675
:1054700000780190FF200A461070084600780090DE
:105480009DF8000000F0F0009DF80020904201D14E
:10549000012000E0002050B900BF502080F31188A7
:1054A000BFF34F8FBFF36F8F00BF00BFFEE79DF8C4
:1054B000000000F050002E4A107007202D4A1060A6
:1054C00009E02C480068401E2A4A10609DF8000040
:1054D0004006000E00909DF8000000F0800080283B
:1054E000EFD024480068C0F10700042801D1012052
:1054F00000E0002050B900BF502080F31188BFF3B6
:105500004F8FBFF36F8F00BF00BFFEE719480068E1
:105510000002184A10601046008800F4E060106035
:10552000124A019810700F482030006840F4700053
:105530000C49203108600846006840F0704008605F
:10554000FFF782FE00200C490860EAF7B5FE0B4821
:10555000006840F0404009490860EAF799FE0020E1
:105560001CBD000000ED00E071C20F4100E400E04E
:1055700080000020840000207C00002034EF00E048
:105580002DE9FF4F85B0804689461746DDE912AB0D
:10559000B800FFF7A7FB064656B16420FFF7A2FB51
:1055A00004460CB1266304E03046FFF7FBFD00E043
:1055B00000248CB1002084F86100CDE900ABCDE976
:1055C00002403A4649464046089BFFF78FFA20467C
:1055D000FFF794F9012501E04FF0FF35284609B0A7
:1055E000BDE8F08F2DE9F04F85B00746884691461B
:1055F0009A46DDE90EB6109C0EB1012000E00020B5
:1056000050B900BF502080F31188BFF34F8FBFF314
:105610006F8F00BF00BFFEE70CB1012000E000204B
:1056200050B900BF502080F31188BFF34F8FBFF3F4
:105630006F8F00BF00BFFEE76420039003986428CB
:1056400001D1012000E0002050B900BF502080F3BC
:105650001188BFF34F8FBFF36F8F00BF00BFFEE70E
:1056600000BFB4B1AEB125462C462E63022085F8AA
:105670006100002004A953464A46CDE900B1CDE9B6
:10568000025041463846FFF731FA2846FFF736F90F
:1056900001E000200490049805B0BDE8F08F000000
:1056A0002DE9F0414FF000084448006800287CD103
:1056B00043480068451C4248056015BB41480068E6
:1056C000006808B9012000E0002050B900BF502058
:1056D00080F31188BFF34F8FBFF36F8F00BF00BF00
:1056E000FEE7384807683848006836490860364899
:1056F000076036480068401C34490860FFF7B8FA74
:1057000000BF3348006885423CD300BF2D48006885
:10571000006808B9012000E0002020B14FF0FF3000
:105720002B4908602DE027480068C068C468666897
:10573000B54202D22648066023E0201DFFF794FC04
:10574000A06A18B104F11800FFF78EFC94F82C1031
:10575000012088401F49096808431E490860E16A22
:1057600001EB81011C4A02EB8100211DFFF7C6FC01
:105770001A49E06A0968C96A8842C7D34FF001082C
:10578000C4E700BF15480068C06A00EB80001249FA
:1057900051F82000012801D94FF001081048006895
:1057A00008B14FF0010805E0FFE70E480068401C13
:1057B0000C4908604046BDE8F081000074C2012039
:1057C00050C2012040C2012044C2012064C2012015
:1057D0006CC2012054C20120D42800203CC2012008
:1057E00060C201205CC2012070B50024002636484A
:1057F000006850B900BF502080F31188BFF34F8F6D
:10580000BFF36F8F00BF00BFFEE7FFF783FC2E489A
:105810000068401E2C4908600846006800284FD1E7
:105820002A48006800284BD024E02948C068C46892
:1058300004F11800FFF718FC201DFFF715FC94F881
:105840002C10012088402349096808432149086039
:10585000E16A01EB8101204A02EB8100211DFFF783
:105860004DFC1E49E06A0968C96A884202D30120DA
:105870001B4908601648006808B9012000E00020B4
:105880000028D2D00CB1FFF7F3F91648056865B1CE
:1058900000BFFFF705FF10B10120114908606D1E20
:1058A000002DF6D100200F4908600D48006838B17E
:1058B000012630070C490860BFF34F8FBFF36F8F8D
:1058C000FFF752FC304670BD74C201204CC201206B
:1058D0008829002054C20120D42800203CC2012085
:1058E00060C201205CC2012004ED00E021F0004212
:1058F000A2F16052B2F5801F01F0004328BFD2F13F
:105900007F6C0BD95FEA001C43EAC20242EB507085
:1059100018BF704728BF20F001007047B2F5801F04
:10592000BCBF184670474FEA410C1CF5001F02D25D
:10593000084600F00FBB70B500F00CFA00000089BB
:10594000FFF7F6BF4FF00040A0F580007047000061
:105950002DE9C04130B4DFF8A0C23CEA111418BFF1
:105960003CEA131400F0EC8081EA03051CEA1114F0
:1059700044EAD57418BF1CEA131500F0C780A4EBE5
:1059800005044FF0004545EAC12145EAC32341EA39
:10599000505143EA525304F17F74994204F50034A4
:1059A0004FEAC0204FEAC22208BF904200F09C801C
:1059B0004FEA13650FF24016765D4FEA134506FB7A
:1059C00005F7C7F1807706FB07F74FEAD737A7FB44
:1059D00003687642C8F58038A7FB06CE38BFA8F129
:1059E000010807FB08E64FF0000EA6FB028CE6FB61
:1059F00003CEDCF1000CCEF1004E38BFAEF1010E4B
:105A0000A6FB0C584FF000074FF00005E6FB0E8791
:105A1000A1FB08C6A0FB07CE16EB0E0645F100055C
:105A2000E1FB076515F1E04E7EBFA4F580345FEA27
:105A300046066D4116F1800745F100054FEA17272C
:105A40004FEA066647EA0567A6F1DE46B6F1805FD3
:105A50004FEA15251FD9384624F0010C05EBC47117
:105A6000BCF1FE6F01EB0C1102D8F0BCBDE8008167
:105A700024425CBF01F5801E9EEAC47F02D4F0BCC4
:105A8000BDE80081244238D4F0BCA1F1C041BDE89A
:105A9000004100F0ADB94FEAD22242EA43524FEA48
:105AA000D323A7FB02864FEAD02040EA415007FBF0
:105AB00003661EEA0E0F4FEAD12105FB026658BFAE
:105AC000A6EB0056B6EB00564FEA520E4EEAC37EE6
:105AD00018EB0E0E56EB530EBDD518EB02085E41C7
:105AE0007F1C55F10005B6E74FF480154FF0000715
:105AF0004FF000064FF00008ADE7F0BC4FF000009B
:105B000001F1C04101F00041BDE8008111EA0C1F24
:105B10000CEA131500D00CE013EA0C1F00F02580EE
:105B20004FF00000F0BC81EA030101F00041BDE844
:105B30000081F0BCBDE8004181EA030100F058B9E2
:105B4000F0BCBDE8004170B500F004F9097EFC3EF0
:105B500000F007B881EA03014FF0000001F00041B6
:105B6000704781EA030100F043B9F0BCBDE8004191
:105B70004FF0000021497047FFFDFBF9F7F5F4F203
:105B8000F0EEEDEBE9E8E6E4E3E1E0DEDDDBDAD8D8
:105B9000D7D5D4D3D1D0CFCDCCCBCAC8C7C6C5C436
:105BA000C2C1C0BFBEBDBCBBBAB9B8B7B6B5B4B34D
:105BB000B2B1B0AFAEADACABAAA9A8A8A7A6A5A438
:105BC000A3A3A2A1A09F9F9E9D9C9C9B9A999998FC
:105BD0009797969595949393929191908F8F8E8E9F
:105BE0008D8C8C8B8B8A898988888787868585842C
:105BF00084838382828181800000FF070000F87F18
:105C0000DFF848C170B51CEA111E1EBF1CEA13154F
:105C10009EEA0C0F95EA0C0F00F06F8081EA0304F6
:105C200023EA4C134EEAD47E21EA4C1141F4801150
:105C300043F48013AE44A1FB024CA0FB0365AEF11C
:105C40007F7E361955EB0C05A1FB034C4CF100038C
:105C5000A0FB021C16EB0C06654153F10003094240
:105C600018BF46F0010613F4007F0BD14FEA033151
:105C70004FEA0530340341EA155140EA16506FF0FF
:105C800003020AE04FEAC3214FEAC520F40241EAC9
:105C9000555140EA56506FF0020202EB2E4201EBE2
:105CA000025585EACE710AD05FEA440C18BF24F091
:105CB000004450F1000041F1000120EAD47040F2AC
:105CC000FE7C624500D270BDA84214BF4FF08044F4
:105CD0004FF04044002E08BF0024BEF1806FA8BFE3
:105CE000A1F1C041BDE8704080F282804FF0000019
:105CF00001F1C04101F0004170479EEA0C0F0CEA2F
:105D0000131518BF95EA0C0F06D04FF0000081EA7A
:105D1000030E0EF0004170BD00F01CF88900013E3A
:105D200000F007B800F009B84FEA430C5FEA5C5C8A
:105D300008D081EA030100F05BB84FEA410C5FEA4A
:105D40005C5CF6D14FF00000014970470000FF078E
:105D50000000F87F0EF1020E2EF0030E5EF8046BC9
:105D6000364205D4012A43EB030515F5001F12D86E
:105D7000012841EB010C1CF5001F0CD80ED14FEA95
:105D8000D17C15F5001F0CEB4C0C0CF1020C08BF7C
:105D90004CEBD37C04E04FF0080C01E04FEAD37CDD
:105DA0000CEB4C0526FA05F606F00706B6F1040CD6
:105DB00006D20EEB860CBDE870404CF0010C60473B
:105DC000DFE80CF0090B02024FF000414FF0000039
:105DD000A1F5002170BD19461046012851EB0104C0
:105DE00018BFD4F5001484BF002001F0004170BD3D
:105DF0000808A0F500114FEA3101704743004FEA4F
:105E0000D30C4FEA3C0C43401FBF40070CF16051DC
:105E100013F0FE4F70471CF0006F03D100200CF010
:105E2000004170470CF0004343EA507010B540EA5F
:105E3000CC0000F044F800BF000000924FEA0001DF
:105E4000FFF7D6BF4FF000414FF00000A1F5002151
:105E50007047000000EE100A00EE901AB4EE600ADF
:105E6000F1EE10FA78BF704700F00DB810B5FFF7EB
:105E7000F1FFEFF3008020F0104038BF40F0004009
:105E800080F3008810BDBDE8104010B500F017F891
:105E90000000000900F007B84FF0404010F1004F3B
:105EA000EFF300807047401058BFC0F140404910E8
:105EB00058BFC1F140418142EFF3008070470EF1BD
:105EC000020E2EF0030E5EF8044B244204D44FEA77
:105ED0004102B2F17F4F11D84FEA4003B3F17F4F37
:105EE0000CD80ED14FEAD07CB2F17F4F0CEB4C0CAA
:105EF0000CF1020C08BF4CEBD17C04E04FF0080C15
:105F000001E04FEAD17C0CEB4C0324FA03F404F0DB
:105F10000704B4F1040C06D20EEB840CBDE810406B
:105F20004CF0010C6047DFE80CF0070802024FF06C
:105F30000040A0F5800010BD0846420018BFD2F115
:105F4000807288BF00F0004010BD4FF04070E1EE5D
:105F5000100A7047FF2141EAD050C0057047000089
:105F600064600108D1E900080100000000000000A1
:105F7000000200000000000000000000586001085E
:105F80007193000801000000000000000002000002
:105F9000000000000000000050600108B12F01085F
:105FA00001000000000000000002000000000000EE
:105FB00000000000446001088BF50008FDFF0000B0
:105FC00000000000000400000000000000000000CD
:105FD0000006101600061016000000000000000069
:105FE000010203040607080900000000010203047F
:105FF00000004D43000000000000B4420201000018
:106000000000164300007A4300008243000016435C
:1060100000007A43000082430000AF440000C844FF
:106020000000E144000000006E83F9A22915444EEF
:10603000D15727FCC0DD34F5999562DB4190433C94
:10604000AB6351FE43617463685F5461736B00001E
:106050005573625461736B00436861737369735461
:1060600061736B00496D755461736B00AC6001081E
:10607000000000207C010000C40100086C610108E0
:1060800000C0012098020000C40100086C610108F2
:106090007C010020CC8F0100200200089C610108D7
:1060A00098C20120AC0E00002002000841321042CC
:1060B00001036D24F41AAA01811E75090108BD04AB
:1060C0001ACD041AF9041E390A010841081A850478
:1060D000131201140202021640830440571D0201EC
:1060E0000203AD071A040309041A0313D5921B080F
:1060F000C9041A85041AFD041321934208130A06E1
:1061000032022A40F0380C290401082502010873E4
:1061100006011C1AF90C1E1D010108DB04C11E9D9D
:1061200003010859041AE5041A49041C09024387AB
:106130001125C03209041B01020B1305241610019E
:106140000524011009010424020205240617010791
:10615000058203081C100904BD320A2E070501023E
:1061600040072A81072481018200000001160216DF
:106170000EE798C20120FF01022C082941110A3DB7
:1061800002410A3AFF410A3EC0C32941093BC339D3
:0C61900082093A41014102A30100000015
:040000050800018965
:00000001FF
